DESCRIPTION OF THE CONTENT
------------------------------------------------------

This file contains data on potentially contagious contacts 
of a convenience sample of 54 individuals (for a detailed 
description of the sample cf. to the corresponding publi-
cation "A mechanistic model of infection: why duration and 
intensity of contacts should be included in models of 
disease spread" authored by Timo Smieszek and published in 
Theoretical Biology and Medical Modelling).


DISCLAIMER AND TERMS OF USE
------------------------------------------------------

The data provided in this file is based upon the work of 
Timo Smieszek, Judith Maag and Ladina Muggler and originated 
at ETH Zurich. 

The data has been carefully collected and compiled but does 
not claim to be complete or correct. No liability will be 
taken for claims arising from use of this data.

It is allowed to use the data provided in this file for 
private or scientific use under the condition that the afore-
mentioned persons and ETH Zurich must be given credit. Any 
document for which the data provided in this file has been used
must cite the original, corresponding publication in a correct 
manner.

It would be appreciated, if users of this data would inform 
us about the use of the data (timo.smieszek[at]env.ethz.ch)

CODES
------------------------------------------------------

Every row represents a contact with a specific contact partner

*Unit of observation*
1-718; 
There were two further units of observation without contacts

*Duration*
1;<5min
2;5-15min
3;15-60min
4;1-2h
5;2-4h
6;>4h

*Conversation*
0;not reported
1;reported

*Physical Contact*
0;not reported
1;reported

*Kisses*
0;not reported
1;reported


DATA PREPARATION
------------------------------------------------------

* The 54 participants were asked to provide contact data 
for 14 consecutive days.
* Every day of every person is treated as an independent
unit of observation.
* Three participants provided information for only 5, 7, 
or 8 days.
* The contact data of one participant was revoked due to 
deficient data quality.
* For 36 records information on the contact duration was
missing and had to be imputed.
* For every contact partner there exists only one record 
per unit of observation. If one specific contact partner 
was reported more than once within a unit of observation, 
the highest reported values for the duration and the 
contact intensities were chosen for that contact partner. 


DATA
------------------------------------------------------

Unit of observation;Duration;Conversation;Physical Contact;Kissing
1;6;1;1;1
1;4;1;1;0
1;1;1;0;0
1;1;1;0;0
1;1;1;0;0
1;1;1;0;0
1;1;1;0;0
1;4;1;1;0
1;3;1;0;0
1;1;1;0;0
1;1;1;0;0
1;1;1;0;0
1;3;1;0;0
1;4;1;1;0
1;1;1;0;0
1;1;1;1;0
1;2;1;1;0
1;3;1;0;0
1;4;1;1;0
1;1;1;0;0
1;2;1;0;0
1;1;1;0;0
1;2;1;0;0
1;1;1;0;0
1;4;1;1;0
2;6;1;1;1
2;1;1;0;0
2;4;1;0;0
2;2;1;0;0
2;1;1;0;0
2;1;1;0;0
2;3;1;1;0
2;4;1;0;0
2;2;1;0;0
2;1;1;0;0
2;1;1;0;0
3;4;1;0;0
3;4;1;1;1
3;1;1;0;0
3;1;1;0;0
3;1;1;0;0
3;3;1;0;0
3;1;1;0;0
3;3;1;0;0
3;2;1;0;0
3;2;1;0;0
3;1;1;0;0
3;3;1;1;1
3;1;1;0;0
3;1;1;0;0
4;1;1;0;0
4;1;1;0;0
4;1;1;0;0
4;1;1;0;0
4;1;1;0;0
4;1;1;0;0
4;2;1;1;0
4;3;1;1;0
4;1;1;1;0
4;5;1;1;0
4;5;1;1;0
4;5;1;0;0
4;1;1;0;0
4;5;1;1;0
4;1;1;0;0
4;1;1;1;0
4;1;1;1;0
4;1;1;0;0
4;1;1;0;0
4;5;1;1;0
5;1;1;1;0
5;1;1;0;0
5;1;1;0;0
5;1;1;0;0
5;1;1;0;0
5;1;1;0;0
5;1;1;0;0
5;3;1;0;0
5;3;1;1;0
5;1;1;0;0
5;5;1;1;0
5;1;1;0;0
5;1;1;0;0
5;1;1;0;0
5;2;1;0;0
6;5;1;1;1
6;6;1;1;1
6;1;1;0;0
6;1;1;0;0
6;1;1;0;0
6;1;1;1;0
6;5;1;0;0
6;1;1;0;0
6;5;1;1;0
6;4;1;1;1
6;2;1;0;0
6;1;1;1;1
6;5;1;1;0
7;2;1;1;0
7;6;1;1;1
7;1;1;0;0
7;5;1;1;1
8;2;1;0;0
8;6;1;1;1
8;4;1;0;0
8;1;1;0;0
8;1;1;0;0
8;1;1;0;0
8;1;1;0;0
8;1;1;0;0
8;1;1;0;0
8;1;1;0;0
8;1;1;0;0
8;1;1;0;0
8;1;1;0;0
8;1;1;0;0
8;2;1;0;0
8;1;1;0;0
8;4;1;0;0
8;1;1;1;0
8;1;1;0;0
8;5;1;1;0
9;2;1;1;0
9;5;1;1;0
9;6;1;1;1
9;1;1;0;0
9;1;1;0;0
9;1;1;1;0
9;1;1;1;0
9;1;1;1;0
9;1;1;0;0
9;1;1;0;0
9;1;1;0;0
9;1;1;1;0
9;1;1;1;0
9;1;1;1;0
9;5;1;1;0
9;2;1;1;0
9;3;1;1;0
9;1;1;1;0
9;1;1;0;0
9;2;1;1;0
9;1;1;0;0
9;1;1;0;0
9;1;1;0;0
9;4;1;1;0
9;1;1;1;0
10;1;1;0;0
10;5;1;1;1
10;6;1;1;1
10;1;1;0;0
10;1;1;0;0
10;5;1;1;0
10;5;1;0;0
10;2;1;0;0
10;1;1;0;0
10;1;1;0;0
10;2;1;0;0
10;2;1;0;0
10;2;1;0;0
10;2;1;0;0
10;1;1;1;0
10;2;1;0;0
10;1;1;0;0
10;2;1;0;0
10;1;1;0;0
11;2;1;0;0
11;6;1;1;1
11;2;1;0;0
11;2;1;0;0
11;4;1;1;0
11;1;1;0;0
11;1;1;0;0
11;1;1;0;0
11;4;1;0;0
11;3;1;1;0
11;4;1;0;0
11;1;1;0;0
11;5;1;1;0
11;2;1;1;0
11;1;1;0;0
11;5;1;0;0
11;5;1;0;0
11;3;1;0;0
11;1;1;0;0
11;1;1;0;0
11;4;1;1;0
11;4;1;1;0
11;3;1;1;0
11;4;1;1;0
11;5;1;1;0
11;4;1;0;0
11;4;1;1;0
11;5;1;1;0
11;2;1;0;0
11;4;1;0;0
11;4;1;0;0
11;1;1;0;0
11;1;1;0;0
12;1;1;0;0
12;3;1;1;1
12;3;1;0;0
12;1;1;0;0
12;1;1;0;0
12;6;1;1;0
12;1;1;1;0
12;2;1;0;0
12;1;1;0;0
12;2;1;0;0
12;1;1;0;0
12;6;1;1;0
12;2;1;0;0
12;3;1;1;0
13;6;1;1;1
13;1;1;0;0
13;3;1;0;0
13;1;1;0;0
13;6;1;1;1
13;1;1;1;0
13;5;1;1;0
13;1;1;0;0
13;1;1;1;0
13;6;1;1;0
13;1;1;1;0
14;3;1;1;0
14;6;1;1;1
14;4;1;1;0
14;4;1;1;1
14;2;1;1;0
14;2;1;1;0
14;4;1;1;0
14;4;1;1;0
14;3;1;1;0
14;6;1;1;1
14;4;1;1;1
14;2;1;1;0
14;6;1;1;0
14;1;1;1;0
15;4;1;1;1
15;6;1;0;0
15;4;1;1;1
15;1;1;0;0
15;1;1;0;0
15;1;1;0;0
15;1;1;0;0
15;1;1;0;0
15;1;1;0;0
15;5;1;0;0
15;2;1;0;0
15;1;1;0;0
15;3;1;0;0
15;1;1;0;0
15;4;1;0;0
15;4;1;0;0
15;1;1;0;0
16;1;1;0;0
16;6;1;0;0
16;3;1;0;0
16;1;1;0;0
16;1;1;0;0
16;4;1;1;0
16;6;1;0;0
16;3;1;1;1
16;2;1;1;0
16;1;1;0;0
16;1;1;0;0
16;1;1;0;0
16;1;1;0;0
16;3;1;0;0
16;1;1;0;0
16;1;1;0;0
16;1;1;0;0
16;1;1;0;0
16;1;1;0;0
16;3;1;0;0
16;1;1;0;0
16;1;1;0;0
16;1;1;0;0
17;4;1;0;0
17;6;1;0;0
17;5;1;1;1
17;5;1;1;1
17;1;1;0;0
17;4;1;0;0
17;5;1;1;1
17;1;1;0;0
17;1;1;0;0
17;5;1;0;0
17;1;1;0;0
17;1;1;0;0
17;5;1;0;0
17;2;1;0;0
17;1;1;0;0
17;5;1;1;1
17;1;1;0;0
17;2;1;0;0
18;6;1;0;0
18;1;1;0;0
18;1;1;0;0
18;1;1;0;0
18;1;1;0;0
18;2;1;0;0
18;3;1;0;0
18;5;1;0;0
18;3;1;0;0
18;1;1;1;1
18;1;1;0;0
18;1;1;0;0
18;1;1;0;0
18;4;1;0;0
18;4;1;0;0
18;1;1;0;0
19;3;1;0;0
19;5;1;0;0
19;5;1;1;1
19;1;1;0;0
19;1;1;0;0
19;5;1;0;0
19;1;1;0;0
19;5;1;0;0
19;2;1;0;0
19;5;1;0;0
19;1;1;0;0
19;5;1;1;1
20;2;1;1;1
20;1;1;0;0
20;1;1;0;0
20;5;1;1;1
20;6;1;0;0
21;6;1;0;0
21;1;1;0;0
21;6;1;0;0
21;6;1;0;0
21;6;1;0;0
21;6;1;0;0
21;6;1;0;0
21;6;1;1;1
21;6;1;0;0
21;1;1;0;0
21;6;1;0;0
21;6;1;0;0
21;6;1;0;0
21;6;1;0;0
21;4;1;0;0
21;6;1;0;0
21;6;1;0;0
22;4;1;0;0
22;4;1;0;0
22;4;1;0;0
22;1;1;1;1
22;2;1;0;0
22;4;1;0;0
22;4;1;0;0
22;4;1;0;0
22;6;1;0;0
22;2;1;0;0
22;2;1;0;0
23;4;1;1;0
23;2;1;0;0
23;2;1;0;0
23;1;1;0;0
23;1;1;0;0
23;4;1;1;0
23;2;1;0;0
23;6;1;0;0
23;5;1;1;1
23;1;1;0;0
23;1;1;0;0
23;1;1;0;0
23;5;1;1;1
23;1;1;0;0
23;5;1;1;0
23;3;1;0;0
23;5;1;0;0
23;2;1;1;0
23;1;1;0;0
23;3;1;0;0
24;2;1;0;0
24;6;1;0;0
24;2;1;1;1
24;2;1;0;0
24;1;1;0;0
25;1;1;0;0
25;6;1;0;0
25;1;1;0;0
25;2;1;0;0
25;6;1;0;0
25;2;1;1;1
25;5;1;1;1
25;5;1;0;0
25;1;1;0;0
25;2;1;0;0
25;5;1;1;1
25;2;1;0;0
25;5;1;1;1
25;3;1;0;0
26;5;1;0;0
26;5;1;0;0
26;4;1;0;0
26;2;1;0;0
26;1;0;1;1
26;4;1;0;0
26;4;1;0;0
26;4;1;0;0
26;4;1;0;0
26;6;1;0;0
27;5;1;0;0
27;5;1;1;1
27;4;1;1;1
27;6;1;1;1
27;1;1;0;0
27;4;1;0;0
27;4;1;1;1
27;6;1;0;0
27;6;1;0;0
27;6;1;1;1
27;4;1;0;0
27;6;1;1;1
27;5;1;1;1
27;3;1;0;0
28;6;1;1;1
28;1;1;0;0
28;4;1;0;0
29;1;1;0;0
29;2;1;0;0
29;2;1;0;0
29;6;1;1;1
29;3;1;0;0
29;3;1;1;1
29;1;1;0;0
29;2;1;0;0
29;2;1;0;0
29;1;1;0;0
29;6;1;0;0
29;4;1;0;0
30;3;1;0;0
30;3;1;1;0
30;2;1;0;0
30;2;1;0;0
30;6;1;1;1
30;6;1;0;0
30;4;1;1;0
30;4;1;1;0
30;4;1;1;0
30;4;1;1;0
30;4;1;1;0
30;4;1;1;0
30;4;1;1;0
30;4;1;1;0
30;4;1;1;0
30;4;1;1;0
30;4;1;1;0
30;4;1;1;0
30;4;1;1;0
30;4;1;1;0
30;3;1;0;0
30;1;1;0;0
30;1;1;0;0
30;3;1;0;0
30;6;1;0;0
31;3;1;1;0
31;5;1;1;0
31;3;1;1;1
31;1;1;0;0
31;1;1;0;0
31;1;1;0;0
31;6;1;0;0
32;6;1;1;1
32;3;1;0;0
32;6;1;1;0
32;1;1;0;0
32;6;1;1;0
32;3;1;1;1
32;2;1;0;0
32;4;1;1;0
32;3;1;0;0
32;6;1;0;0
33;6;1;1;1
33;4;1;0;0
33;5;1;0;0
33;2;1;0;0
33;4;1;0;0
33;4;1;0;0
33;4;1;0;0
33;1;1;0;0
33;4;1;1;0
33;4;1;1;0
33;4;1;1;0
33;4;1;1;0
33;4;1;1;0
33;4;1;1;0
33;4;1;1;0
33;4;1;0;0
33;3;1;0;0
33;5;1;1;0
34;6;1;1;1
34;6;1;0;0
35;6;1;1;1
35;6;1;1;1
35;6;1;0;0
35;6;1;1;1
35;5;1;0;0
36;6;1;1;1
36;6;1;0;0
36;3;1;0;0
36;4;1;0;0
37;6;1;1;1
37;4;1;0;0
37;4;1;0;0
37;4;1;0;0
37;4;1;0;0
37;4;1;0;0
37;6;1;0;0
37;6;1;0;0
37;2;1;1;0
37;2;1;1;0
37;2;1;0;0
37;4;1;1;0
37;6;1;0;0
37;4;1;0;0
38;2;1;0;0
38;4;1;0;0
38;4;1;0;0
38;4;1;0;0
38;4;1;0;0
38;4;1;0;0
38;6;1;0;0
38;6;1;0;0
38;6;1;0;0
38;2;1;0;0
38;2;1;0;0
38;2;1;0;0
38;1;1;0;0
38;2;1;0;0
38;1;1;0;0
38;6;1;0;0
39;2;1;0;0
39;2;1;0;0
39;5;1;1;1
39;6;1;0;0
39;5;1;1;0
39;5;1;1;0
39;5;1;1;0
39;5;1;1;0
39;2;1;0;0
39;6;1;0;0
39;4;1;0;0
40;2;1;0;0
40;4;1;0;0
40;6;1;1;1
40;1;1;0;0
40;3;1;0;0
41;6;1;1;1
41;2;1;0;0
42;1;1;0;0
42;6;1;1;1
42;5;1;1;0
42;5;1;1;0
42;5;1;1;0
42;5;1;0;0
42;3;1;0;0
42;5;1;1;0
42;5;1;1;0
43;2;1;0;0
43;2;1;1;0
43;3;1;0;0
43;2;1;0;0
43;3;1;0;0
43;2;0;1;0
43;2;1;0;0
43;3;1;1;0
43;1;1;0;0
43;5;1;1;0
43;1;1;0;0
43;6;1;1;0
43;2;1;0;0
43;2;1;0;0
43;1;1;0;0
43;6;1;1;0
43;1;1;0;0
43;6;1;1;0
43;4;1;0;0
43;4;1;1;0
43;2;1;1;0
44;2;1;0;0
44;2;1;1;0
44;1;1;0;0
44;1;1;0;0
44;2;0;1;0
44;2;1;0;0
44;2;1;1;0
44;4;1;1;0
44;6;1;1;0
44;2;1;1;0
44;2;1;1;0
44;3;1;1;1
44;2;1;0;0
44;6;1;1;0
44;3;1;0;0
44;1;1;0;0
44;3;1;1;0
44;2;1;1;0
44;3;1;0;0
44;1;1;0;0
44;1;1;0;0
45;4;1;1;0
45;2;1;0;0
45;2;1;0;0
45;3;1;0;0
45;2;0;1;0
45;2;1;0;0
45;3;1;0;0
45;5;1;1;0
45;6;1;1;0
45;3;1;1;0
45;4;1;1;0
45;4;1;1;0
45;6;1;0;0
45;5;1;1;1
45;4;1;1;0
46;2;1;0;0
46;2;1;1;0
46;4;1;0;0
46;2;1;0;0
46;2;1;0;0
46;2;0;1;0
46;2;1;0;0
46;2;1;0;0
46;2;1;1;0
46;3;1;1;0
46;6;1;1;0
46;5;1;1;0
46;2;1;0;0
46;2;1;0;0
46;2;1;1;0
46;2;1;1;0
46;3;1;1;0
46;4;1;0;0
46;6;1;1;0
46;5;1;1;0
46;2;1;1;0
47;2;1;1;0
47;5;1;0;0
47;2;1;0;0
47;2;0;1;0
47;4;1;0;0
47;2;1;0;0
47;4;1;1;0
47;4;1;1;0
47;5;1;1;0
47;2;1;1;0
47;2;1;1;0
47;2;1;0;0
47;6;1;1;0
47;4;1;0;0
47;2;1;1;0
47;1;1;0;0
48;4;1;1;0
48;3;1;0;0
48;3;0;1;0
48;3;1;1;0
48;3;1;0;0
48;2;1;0;0
48;3;1;1;0
48;4;1;1;0
48;4;1;1;0
48;3;1;0;0
48;3;1;1;1
48;5;1;1;0
48;4;1;1;0
48;5;1;1;0
48;5;1;1;0
48;4;1;1;0
48;3;1;0;0
48;4;1;1;0
49;5;1;1;0
49;6;1;0;0
49;4;1;1;0
49;3;0;1;0
49;4;1;1;0
49;4;1;1;0
49;3;1;1;0
49;2;1;1;0
49;5;1;1;0
49;6;1;1;0
49;6;1;1;0
49;4;1;1;0
49;2;1;0;0
49;4;1;0;0
49;6;1;1;0
49;6;1;1;0
49;6;1;1;0
50;1;1;0;0
50;2;1;0;0
50;1;1;0;0
50;1;1;0;0
50;1;1;0;0
50;1;1;0;0
50;1;1;0;0
50;1;1;0;0
51;2;1;0;0
51;1;1;0;0
51;2;1;0;0
51;1;1;0;0
51;4;1;0;0
52;5;1;1;0
52;4;1;0;0
52;3;1;0;0
52;4;0;1;0
52;4;1;0;0
52;3;1;1;0
52;4;1;1;0
52;4;1;1;0
52;2;1;0;0
52;4;1;1;0
52;5;1;1;0
52;4;1;1;0
52;4;1;0;0
52;4;1;0;0
52;5;1;1;0
53;3;1;1;0
53;3;1;1;0
53;3;1;0;0
53;3;1;1;0
53;2;1;0;0
53;3;0;1;0
53;3;1;1;0
53;1;1;0;0
53;4;1;1;0
53;3;1;1;0
53;3;1;1;0
53;3;1;1;0
53;3;1;1;0
53;3;1;1;0
53;2;1;0;0
53;3;1;1;0
53;1;1;0;0
53;3;1;1;0
54;5;1;1;0
54;2;1;1;0
54;3;1;0;0
54;2;1;0;0
54;2;1;0;0
54;2;0;1;0
54;3;1;1;0
54;2;1;0;0
54;4;1;1;0
54;4;1;1;0
54;2;1;1;0
54;2;1;1;0
54;2;1;0;0
54;5;1;1;0
54;1;1;0;0
54;6;1;1;0
54;4;1;0;0
54;2;1;0;0
54;2;1;1;0
54;2;1;0;0
55;1;1;0;0
55;5;1;1;0
55;3;1;0;0
55;3;1;0;0
55;4;1;1;0
55;1;1;1;0
55;2;1;0;0
55;1;1;0;0
55;2;1;1;0
55;4;1;1;0
55;2;1;0;0
55;4;0;1;0
55;1;1;0;0
55;5;1;1;0
55;2;1;0;0
55;2;1;0;0
55;2;1;1;0
55;1;1;0;0
55;5;1;1;1
55;5;1;1;0
55;3;1;0;0
55;5;1;1;1
55;2;1;0;0
55;5;1;1;0
55;3;1;1;0
55;4;1;1;0
55;2;1;0;0
55;4;1;0;0
55;5;1;1;0
55;4;1;1;0
55;3;1;1;0
55;1;1;1;0
55;5;1;1;1
55;6;1;1;0
55;4;1;1;0
55;3;1;0;0
55;6;1;1;1
55;6;1;1;0
56;6;1;0;0
56;6;1;1;0
56;5;1;1;0
56;6;1;1;1
56;6;1;1;0
56;6;1;1;0
56;6;1;1;0
56;4;1;1;0
56;6;1;1;0
56;1;1;0;0
56;3;1;0;0
57;6;1;1;1
57;1;1;1;0
57;2;1;0;0
57;1;1;1;0
57;1;1;0;0
58;2;1;1;0
58;2;1;1;1
58;2;1;0;0
58;1;1;0;0
58;2;1;1;0
58;3;1;1;0
59;2;1;0;0
59;4;1;0;0
59;2;1;1;0
59;2;1;0;0
59;5;1;1;1
59;2;1;0;0
59;2;1;0;0
59;4;1;1;1
59;2;1;1;0
59;1;1;1;0
59;4;1;1;1
59;3;1;0;0
59;6;1;1;0
60;1;1;1;0
60;2;1;1;1
60;1;1;0;0
60;2;1;0;0
60;2;1;0;0
60;2;1;1;0
60;1;1;0;0
61;2;1;1;0
61;5;1;1;1
61;2;1;0;0
61;3;1;0;0
61;3;1;0;0
61;3;1;0;0
61;1;1;0;0
61;1;1;0;0
61;1;1;0;0
62;6;1;1;1
62;1;1;0;0
63;6;1;1;1
63;2;1;0;0
63;2;1;0;0
64;1;1;0;0
64;2;1;0;0
64;6;1;1;1
64;3;1;0;0
64;5;1;1;1
65;6;1;1;1
65;2;1;0;0
65;3;1;0;0
66;1;1;0;0
66;1;1;0;0
66;6;1;1;1
66;3;1;1;1
66;2;1;0;0
66;3;1;1;1
66;3;1;1;1
66;3;1;1;1
66;3;1;1;0
66;3;1;1;1
66;3;1;0;0
67;1;1;0;0
67;2;1;0;0
67;3;1;0;0
68;2;1;1;0
68;1;1;0;0
68;1;1;0;0
68;5;1;1;1
68;2;1;0;0
68;1;1;1;0
68;2;1;1;0
69;1;1;0;0
69;5;1;1;1
69;6;1;1;1
70;6;1;1;1
71;4;1;1;0
71;2;1;1;1
71;3;1;1;1
71;5;1;1;1
71;5;1;1;1
71;2;1;1;0
71;4;1;0;0
71;6;1;1;0
71;6;1;1;1
72;4;1;1;0
72;4;1;1;0
72;6;1;1;0
72;4;1;1;0
72;4;1;1;0
72;4;1;1;0
72;4;0;1;0
72;5;1;1;1
72;5;1;1;1
72;5;1;1;0
72;4;1;1;0
72;4;1;1;0
72;4;1;1;0
72;4;1;1;0
72;4;1;1;1
72;6;1;1;0
72;4;0;1;0
72;4;1;1;0
73;4;1;1;1
73;4;1;1;1
73;2;1;0;0
73;1;1;0;0
73;5;1;1;0
73;2;1;0;0
73;1;1;0;0
74;3;1;1;0
74;3;1;1;0
74;1;1;0;0
74;3;1;0;0
74;3;1;1;0
74;3;1;0;0
74;2;1;0;0
74;6;1;1;1
74;3;1;1;0
74;6;1;1;1
74;2;1;0;0
74;6;1;1;1
74;6;1;1;1
74;3;1;0;0
75;5;1;1;1
75;5;1;1;1
75;1;1;1;1
75;3;1;0;0
75;3;1;0;0
75;4;1;0;0
75;2;1;0;0
75;3;1;0;0
75;3;1;0;0
75;3;1;0;0
75;3;1;0;0
75;3;1;1;0
75;2;1;0;0
75;3;1;0;0
75;6;1;1;1
75;6;1;1;0
75;3;1;0;0
76;5;1;1;0
76;5;1;1;0
76;6;1;1;0
76;5;1;1;0
76;1;1;0;0
76;5;1;0;0
76;5;1;0;0
76;5;1;1;0
76;3;1;0;0
76;3;1;0;0
76;5;1;1;0
76;4;1;1;1
76;5;1;0;0
76;5;1;1;0
76;5;1;1;0
76;5;1;1;0
76;4;1;1;1
76;5;1;1;0
76;5;1;1;0
76;4;1;1;1
76;5;1;1;0
76;6;1;1;1
76;5;1;1;0
76;5;1;1;0
76;3;1;0;0
76;3;1;0;0
76;3;1;0;0
77;3;1;1;1
77;3;1;1;1
77;6;1;1;1
77;6;1;1;0
77;6;1;1;1
77;2;1;1;1
77;6;1;1;1
77;6;1;1;1
77;6;1;1;0
77;6;1;1;1
77;6;1;1;1
78;2;1;1;0
78;3;1;1;0
78;2;1;0;0
78;3;1;0;0
78;6;1;1;0
78;1;1;1;0
79;4;1;0;0
79;4;1;1;0
79;4;1;1;0
79;4;1;0;0
79;4;1;0;0
79;4;1;0;0
79;4;1;1;0
79;4;1;0;0
79;4;1;1;0
79;4;1;0;0
79;4;1;1;0
79;4;1;0;0
79;6;1;0;0
79;4;1;1;0
79;4;1;0;0
80;1;1;0;0
80;1;1;0;0
80;4;1;0;0
80;4;1;1;1
80;4;1;1;0
80;2;1;0;0
80;6;1;0;0
81;6;1;1;1
81;6;1;1;1
81;6;1;1;1
81;6;1;1;1
81;6;1;1;1
81;6;1;1;1
82;6;1;1;1
82;1;1;0;0
82;6;1;1;1
82;6;1;1;1
82;6;1;1;0
82;6;1;1;1
83;5;1;1;0
83;5;1;1;0
83;5;1;1;0
83;5;1;0;0
83;5;1;1;0
83;5;1;0;0
83;6;1;1;0
83;5;1;1;0
83;5;1;1;0
83;5;1;0;0
83;5;1;0;0
83;5;1;1;0
83;5;1;1;0
83;5;1;0;0
83;6;1;0;0
83;5;1;0;0
83;6;1;1;1
83;5;1;1;0
83;5;1;1;0
83;5;1;0;0
84;4;1;1;1
84;4;1;1;0
84;1;1;0;0
84;6;1;1;1
85;2;1;0;0
85;4;1;0;1
85;3;1;0;0
85;3;1;0;0
85;3;1;0;0
85;2;1;0;0
85;2;1;0;0
85;3;1;0;0
86;2;1;0;0
86;5;1;1;1
86;4;1;0;0
86;2;1;0;0
86;2;1;0;0
87;1;1;0;0
87;6;1;0;0
87;4;1;1;0
87;4;1;1;1
87;3;1;0;0
87;2;1;0;0
87;2;1;0;0
88;5;1;1;0
88;5;1;1;1
88;5;1;0;0
88;4;1;0;0
88;5;1;0;0
88;3;1;0;0
88;5;1;0;0
89;6;1;1;1
89;2;1;0;0
89;3;1;0;0
89;1;1;0;0
90;6;1;1;1
91;6;1;1;1
92;4;1;1;0
92;5;1;1;1
92;2;1;0;0
92;2;1;0;0
92;3;1;0;0
92;2;1;0;0
92;2;1;0;0
92;1;1;0;0
92;2;1;0;0
93;3;1;1;0
93;5;1;1;1
93;2;1;0;0
93;2;1;0;0
93;3;1;0;0
93;2;1;0;0
94;3;1;1;0
94;6;1;1;1
94;3;1;0;0
94;3;1;0;0
94;2;1;0;0
94;2;1;0;0
95;5;1;1;1
95;5;1;0;0
95;1;1;0;0
95;2;1;0;0
96;6;1;1;1
96;2;1;0;0
96;2;1;0;0
97;2;1;0;0
97;5;1;1;0
97;2;1;1;0
97;2;1;0;0
97;5;1;1;0
97;5;1;1;0
97;6;1;1;1
97;5;1;1;0
98;6;1;1;1
99;2;1;0;0
99;3;1;1;0
99;1;1;0;0
99;4;1;1;0
99;4;1;1;1
100;3;1;0;0
100;2;1;0;0
100;3;1;0;0
100;3;1;1;0
100;5;1;1;1
101;6;1;1;1
101;3;1;0;0
101;3;1;1;1
101;4;1;1;1
101;4;1;1;1
101;2;1;0;0
102;5;1;1;1
102;5;1;1;1
102;6;1;1;0
102;5;1;1;1
102;2;1;1;0
102;5;1;1;1
102;2;1;0;0
102;5;1;1;1
103;4;1;1;0
103;4;1;1;0
103;5;1;1;1
103;6;1;1;1
104;2;1;0;0
104;2;1;0;0
104;6;1;1;1
105;6;1;1;1
106;5;1;1;1
106;3;1;1;0
106;2;1;0;0
106;2;1;0;0
106;4;1;1;1
106;2;1;1;1
106;5;1;1;1
107;6;1;1;0
107;3;1;1;1
107;5;1;1;1
108;3;1;0;0
108;6;1;1;1
108;2;1;1;1
108;4;1;1;1
108;2;1;1;1
108;6;1;1;1
109;6;1;1;0
109;2;1;0;0
109;5;1;1;1
110;4;1;1;0
110;3;1;0;0
110;6;1;1;1
111;5;1;1;0
111;3;1;1;0
111;5;1;1;0
111;5;1;1;0
111;5;1;1;0
111;6;1;1;1
112;3;1;1;1
112;3;1;1;1
112;4;1;1;1
112;3;1;1;1
112;6;1;1;1
113;1;0;1;0
113;3;1;0;0
113;6;1;1;1
113;5;1;1;0
114;3;1;0;0
114;4;1;1;0
114;3;1;0;0
115;5;1;1;0
115;5;1;1;0
115;5;1;1;1
115;3;1;0;0
115;4;1;1;0
115;2;1;0;0
116;1;1;1;0
116;5;1;1;1
116;2;1;1;0
116;4;1;1;1
116;5;1;0;0
116;5;1;1;1
116;5;1;1;0
116;4;1;0;0
116;2;1;1;0
116;5;1;0;0
116;4;1;1;0
116;5;1;1;1
117;1;1;1;0
117;5;1;1;1
117;1;1;1;1
117;5;1;1;1
118;6;1;1;1
118;5;1;1;0
118;3;1;1;0
118;3;1;0;0
118;2;1;1;1
119;3;1;0;0
120;3;1;1;0
120;2;1;0;0
120;6;1;1;0
120;4;1;1;0
120;4;1;1;0
120;4;1;1;0
120;4;1;1;0
120;4;1;1;0
120;3;1;0;0
120;4;1;1;1
120;6;1;1;1
120;6;1;1;0
120;2;1;0;0
120;6;1;1;0
121;3;1;1;0
121;3;1;1;0
121;3;1;1;0
121;3;1;1;1
121;2;1;1;0
121;3;1;1;1
122;4;1;1;0
122;4;1;1;1
122;6;1;1;0
122;3;1;0;0
122;3;1;1;0
122;6;1;1;0
122;3;1;0;0
123;4;1;1;0
123;4;1;1;0
123;5;1;1;1
123;5;1;1;1
123;5;1;1;0
123;5;1;1;0
124;5;1;1;1
124;2;1;0;0
124;3;1;0;0
125;5;1;1;1
125;6;1;1;0
125;2;1;1;1
125;2;1;1;0
126;2;1;0;0
126;6;1;1;1
126;5;1;1;1
126;4;1;1;1
127;3;1;1;0
127;6;1;1;1
127;6;1;1;1
127;1;1;0;0
127;6;1;1;1
127;1;1;0;0
127;1;1;0;0
127;6;1;1;1
127;1;1;0;0
128;2;1;1;0
128;6;1;1;1
128;4;1;1;0
129;5;1;1;1
129;6;1;1;1
129;1;1;0;0
129;2;1;1;1
130;3;1;1;0
130;6;1;1;1
130;1;1;0;0
130;2;1;0;0
131;3;1;1;0
131;1;1;1;0
131;4;1;1;1
132;2;1;1;0
132;2;0;1;0
132;6;1;1;1
132;2;1;1;1
132;1;1;0;0
132;2;1;0;0
133;6;1;1;1
133;1;1;0;0
134;1;1;1;1
134;6;1;1;1
134;1;1;1;1
135;2;1;1;0
135;6;;;
136;3;1;1;0
136;6;1;1;1
137;6;1;1;1
137;5;1;1;0
138;2;1;0;0
138;2;0;1;0
138;6;;;
138;2;1;1;1
139;2;1;0;0
139;2;1;1;1
139;2;1;1;1
139;6;1;1;1
140;6;;;
140;4;1;1;1
140;4;1;1;1
141;6;1;0;0
141;2;1;0;0
141;6;1;0;0
141;5;1;0;0
141;3;0;1;0
141;5;0;1;1
142;5;1;0;0
142;6;1;1;1
142;4;0;1;0
142;5;1;1;1
142;5;1;1;0
142;4;0;1;0
142;2;1;0;0
143;3;1;0;0
143;3;1;0;0
143;4;1;1;1
143;5;1;1;1
144;3;1;0;
144;1;1;1;1
144;2;1;0;0
144;1;1;0;0
144;3;1;1;0
144;2;1;0;0
144;4;1;1;0
145;4;1;0;0
145;4;1;0;0
145;5;1;1;1
145;4;1;0;0
145;4;1;1;0
145;2;1;0;0
145;4;1;1;0
146;4;1;1;0
146;3;1;1;0
146;3;1;0;0
146;6;1;1;0
146;3;1;1;0
147;5;1;1;1
148;4;1;0;0
148;4;1;0;0
148;3;1;0;0
148;3;1;1;0
148;5;1;1;1
148;3;1;0;0
149;5;1;0;0
149;4;1;0;0
149;3;1;0;0
149;2;1;0;0
149;2;1;0;0
149;6;1;1;1
149;3;1;0;0
149;3;1;0;0
150;4;1;0;0
150;3;1;0;0
150;3;1;1;0
150;5;1;1;0
150;3;1;0;0
150;3;1;0;0
151;4;1;0;0
151;4;1;0;0
151;5;1;1;1
151;5;1;1;1
151;5;1;1;1
151;3;1;0;0
151;4;1;0;0
152;4;1;0;
152;3;1;0;0
152;4;1;1;1
152;2;1;0;0
152;4;1;1;1
153;5;1;1;0
153;5;1;1;1
153;5;1;1;1
153;5;1;1;0
153;4;1;1;0
154;6;1;1;1
154;6;1;1;1
155;2;1;0;0
155;6;1;1;1
155;3;1;1;0
155;5;1;1;1
155;1;1;0;0
155;2;1;0;0
155;5;1;1;0
156;1;1;0;0
156;1;1;0;0
156;5;1;1;0
156;6;1;1;1
156;2;1;0;0
156;2;1;0;0
156;2;1;0;0
156;1;1;0;0
156;5;1;1;0
156;2;1;1;1
156;2;1;1;0
157;2;1;0;0
157;6;1;1;1
157;2;1;0;0
157;2;1;1;0
157;1;1;0;0
157;1;1;0;0
157;1;1;1;0
157;1;1;0;0
157;1;1;0;0
158;2;1;0;0
158;3;1;0;0
158;6;1;1;1
158;1;1;1;1
158;3;1;0;0
158;1;1;0;0
158;1;1;0;0
158;2;1;1;0
158;1;1;0;0
158;1;1;0;0
158;1;1;0;0
159;1;1;0;0
159;1;1;0;0
159;2;1;1;0
159;2;1;1;0
159;6;1;1;1
159;1;1;0;0
159;2;1;0;0
159;5;1;1;1
159;5;1;1;0
159;1;1;0;0
160;1;1;0;0
160;5;1;1;1
160;6;1;1;1
160;1;1;0;0
160;5;1;1;0
160;5;1;1;1
160;5;1;1;0
160;2;1;0;0
160;1;1;0;0
160;1;1;0;0
161;2;1;1;0
161;6;1;1;1
161;2;1;1;0
161;2;1;1;0
161;6;1;1;1
161;6;1;1;0
161;6;1;1;0
161;6;1;1;0
162;3;1;0;0
162;2;1;0;0
162;2;1;0;0
162;2;1;0;0
162;6;1;1;1
162;2;1;0;0
162;2;1;1;0
162;2;1;1;0
163;5;1;1;0
163;3;1;1;0
163;6;1;1;1
163;1;1;0;0
164;2;1;0;0
164;2;1;0;0
164;6;1;1;1
164;4;1;1;0
164;1;1;1;0
164;3;1;0;0
164;1;1;0;0
164;1;1;0;0
164;1;1;0;0
164;2;1;0;0
164;2;1;0;0
165;2;1;0;0
165;1;1;0;0
165;6;1;1;1
165;2;1;1;0
165;2;1;0;0
165;2;1;0;0
165;2;1;0;0
165;2;1;0;0
166;2;1;0;0
166;2;1;1;0
166;6;1;1;1
166;1;1;0;0
166;2;1;0;0
166;1;1;0;0
166;5;1;1;0
166;2;1;0;0
166;5;1;1;0
166;1;1;0;0
166;5;1;1;1
166;5;1;1;1
166;1;1;1;0
166;2;1;0;0
167;6;1;1;1
167;2;1;1;1
167;5;1;1;0
167;1;1;0;0
168;6;1;1;1
168;2;1;0;0
168;2;1;0;0
169;3;1;1;1
169;5;1;1;1
169;2;1;0;0
169;2;1;0;0
169;3;1;1;1
169;5;1;1;1
169;6;1;1;1
169;1;1;0;0
169;3;1;1;1
170;2;1;0;0
170;1;1;0;0
170;1;1;0;0
170;1;1;0;0
170;2;1;0;0
170;1;1;0;0
170;1;1;0;0
170;1;1;0;0
170;6;1;0;0
170;2;1;0;0
170;2;1;1;1
170;2;1;1;1
171;2;1;0;0
171;1;1;0;0
171;1;1;0;0
171;2;1;0;0
171;1;1;0;0
171;2;1;0;0
171;2;1;1;0
171;2;1;0;0
171;2;1;0;0
171;6;1;1;1
171;1;1;0;0
171;2;1;0;0
172;3;1;1;0
172;3;1;1;0
172;3;1;1;0
172;1;1;0;0
172;3;1;1;0
172;3;1;1;0
172;5;1;1;1
172;2;1;0;0
172;3;1;1;0
172;1;1;0;0
172;3;1;1;0
172;1;1;1;1
172;6;1;1;1
172;3;1;1;0
172;2;1;1;0
172;1;1;0;0
172;1;1;0;0
172;1;1;0;0
172;1;1;0;0
172;1;1;0;0
172;4;1;1;0
173;3;1;1;0
173;5;1;1;1
173;2;1;0;0
173;5;1;1;1
173;1;1;0;0
173;1;1;0;0
173;6;1;1;1
173;2;1;0;0
174;1;1;0;0
174;5;1;1;1
174;5;1;1;1
174;5;1;1;1
174;5;1;1;1
174;2;1;0;0
174;6;1;1;1
175;6;1;1;0
175;6;1;1;0
175;6;1;1;1
175;6;1;1;1
175;6;1;1;1
175;6;1;1;0
175;6;1;1;1
175;6;1;1;1
176;2;1;0;0
176;1;1;0;0
176;1;1;0;0
176;6;1;1;1
176;1;1;0;0
177;2;1;0;0
177;2;1;0;0
177;6;1;1;1
177;2;1;0;0
178;2;1;0;0
178;3;1;1;0
178;1;1;0;0
178;1;1;0;0
178;1;1;0;0
178;1;1;0;0
178;1;1;0;0
178;6;1;1;1
178;2;1;0;0
178;2;1;1;0
178;1;1;0;0
178;1;1;0;0
178;1;1;0;0
178;4;1;1;0
178;1;1;0;0
179;2;1;0;0
179;2;1;1;1
179;5;1;1;1
179;2;1;0;0
179;2;1;1;1
179;6;1;1;1
179;2;1;0;0
179;1;1;1;0
180;1;1;0;0
180;1;1;0;0
180;5;1;1;0
180;5;1;1;1
180;5;1;1;1
180;1;1;0;0
180;5;1;1;1
180;5;1;1;1
180;6;1;1;1
180;1;1;0;0
180;2;1;0;0
180;1;1;0;0
181;2;1;1;1
181;5;1;1;0
181;6;1;1;1
181;1;1;0;0
181;1;1;0;0
182;6;1;1;1
182;2;1;0;0
182;2;1;0;0
183;1;1;0;0
183;6;1;1;1
183;1;1;0;0
183;2;1;1;0
183;1;1;0;0
183;1;1;0;0
184;4;1;0;0
184;4;1;0;0
184;3;1;0;0
184;2;1;0;0
185;2;1;0;0
185;2;1;1;0
185;2;1;0;0
185;6;1;1;1
185;4;1;0;0
185;4;1;0;0
185;3;1;0;0
185;2;1;0;0
186;1;1;0;0
186;4;1;1;0
186;3;1;0;0
186;2;1;0;0
186;2;1;1;0
186;2;1;1;0
186;6;1;1;1
187;4;1;1;0
187;3;1;0;0
187;3;1;0;0
187;3;1;0;0
187;6;1;1;1
187;1;1;0;0
187;4;1;1;0
187;2;1;0;0
187;1;1;0;0
187;1;1;0;0
188;6;1;1;1
188;2;1;1;0
188;1;1;1;0
189;6;1;1;1
189;3;1;0;0
189;3;1;0;0
189;4;1;1;0
189;4;1;1;0
189;4;1;1;0
190;1;1;0;0
190;6;1;1;1
190;4;1;1;0
191;1;1;0;0
191;4;1;0;0
191;1;1;0;0
191;3;1;0;0
191;4;1;0;0
191;2;1;0;0
191;2;1;0;0
192;6;1;1;1
192;2;1;0;0
192;4;1;0;0
192;1;1;0;0
193;6;1;1;1
193;4;1;0;0
193;4;1;0;0
193;1;1;0;0
194;6;1;1;1
194;6;1;1;0
194;4;1;0;0
194;5;1;0;0
194;2;1;1;0
194;1;1;0;0
194;6;1;1;0
194;6;1;1;0
194;6;1;1;0
194;1;1;0;0
194;1;1;1;0
194;1;1;1;0
195;6;1;1;1
195;3;1;0;0
195;3;1;0;0
195;4;1;1;0
195;5;1;1;0
195;5;1;1;0
195;5;1;1;0
195;5;1;1;0
195;5;1;1;0
195;3;1;1;0
195;2;1;0;0
196;6;1;1;1
196;3;1;0;0
196;3;1;0;0
197;6;1;1;1
197;1;1;0;0
197;3;1;1;1
197;5;1;1;1
197;3;1;1;0
197;2;1;0;0
197;3;1;0;0
198;6;1;1;1
198;1;1;0;0
198;2;1;0;0
198;5;1;0;0
198;5;1;1;0
198;1;1;0;0
198;1;1;0;0
198;5;1;1;1
198;1;1;0;0
198;1;1;0;0
199;3;1;1;0
199;6;1;1;1
199;1;1;0;0
199;4;1;1;0
199;4;1;1;1
199;4;1;1;0
199;4;1;1;0
199;2;1;1;1
199;4;1;0;0
199;1;1;0;0
199;6;1;1;1
199;1;1;1;1
200;1;1;0;0
200;1;1;0;0
200;2;1;0;0
200;2;1;1;0
200;1;1;0;0
200;6;1;1;1
200;1;1;0;0
200;1;1;1;0
200;6;1;1;1
200;1;1;0;0
201;6;1;1;1
201;5;1;1;1
201;5;1;1;0
201;1;1;0;0
201;5;1;1;1
202;5;1;1;1
202;1;1;0;0
202;5;1;1;0
202;5;1;1;1
202;4;1;1;1
202;5;1;1;0
202;2;1;0;0
202;5;1;1;0
202;1;1;0;0
202;5;1;1;1
202;5;1;1;0
202;1;1;0;0
202;1;1;0;0
202;5;1;1;1
203;1;1;0;0
203;6;1;1;1
203;6;1;1;1
203;2;1;1;1
203;6;1;1;1
203;6;1;1;1
203;1;1;0;0
204;6;1;1;1
204;2;1;0;0
204;4;1;0;0
204;1;1;0;0
204;1;1;0;0
204;2;1;1;1
204;3;1;1;1
204;3;1;1;0
204;6;1;1;1
205;6;1;1;1
205;6;1;1;1
205;6;1;1;1
206;6;1;1;1
206;1;1;0;0
206;3;1;1;0
206;5;1;1;1
206;4;1;1;0
206;6;1;1;1
206;4;1;1;0
206;4;1;1;1
206;5;1;1;0
206;5;1;1;1
207;6;1;1;1
207;5;1;1;1
207;2;1;0;0
207;2;1;0;0
207;5;1;1;1
207;2;1;0;0
207;2;0;1;0
207;6;1;1;1
207;5;1;0;0
207;3;1;0;0
207;2;1;0;0
207;5;1;1;1
207;1;1;0;0
207;5;1;0;0
208;6;1;1;1
208;6;1;1;1
208;1;1;0;0
209;4;1;1;0
209;5;1;1;1
209;5;1;1;1
209;3;1;1;0
209;5;1;1;0
209;5;1;1;1
209;5;1;1;0
209;1;1;0;0
209;2;1;1;1
209;6;1;1;1
209;4;1;1;1
209;1;1;0;0
209;5;1;1;0
209;2;1;1;1
209;1;1;0;0
209;5;1;1;1
210;6;1;1;1
210;6;1;1;1
211;1;1;0;0
211;5;1;0;0
211;3;1;0;0
211;1;1;0;0
212;2;1;1;0
212;3;0;1;0
212;3;1;1;0
212;1;1;1;0
212;3;1;1;0
212;6;1;1;0
212;1;0;1;0
212;1;0;1;0
212;1;0;1;0
212;1;1;1;0
212;3;1;0;0
212;3;1;0;0
212;1;0;1;0
212;2;1;0;0
212;1;1;0;0
212;1;1;0;0
213;2;1;1;0
213;2;1;0;0
213;2;1;0;0
213;1;1;1;0
213;1;1;0;0
213;2;1;0;0
213;2;1;0;0
213;2;1;0;0
213;2;1;0;0
213;1;1;0;0
213;3;1;0;0
213;3;1;1;0
213;2;1;0;0
213;2;1;0;0
213;1;1;0;0
213;1;1;0;0
213;5;1;0;0
214;2;1;1;0
214;1;1;0;0
214;1;1;1;0
214;1;1;1;0
214;5;1;1;0
214;6;1;0;0
214;4;1;1;0
214;2;1;1;0
214;4;1;1;0
214;4;1;1;0
214;1;1;1;0
214;1;1;1;0
214;4;1;1;0
214;4;1;1;0
214;4;1;1;0
214;4;1;1;0
214;2;1;0;0
214;1;1;0;0
214;4;1;1;0
214;2;1;1;0
214;2;1;0;0
214;1;1;0;0
214;2;1;0;0
214;2;1;0;0
214;2;1;0;0
214;1;1;0;0
214;1;1;0;0
214;1;1;0;0
214;1;1;0;0
214;2;1;0;0
214;2;1;0;0
214;2;1;0;0
214;1;1;0;0
214;1;1;0;0
214;2;1;1;0
214;1;0;1;0
215;2;1;1;0
215;1;0;1;0
215;1;1;0;0
215;1;1;0;0
215;4;1;1;0
215;5;1;0;0
215;2;1;1;0
215;2;0;1;0
215;1;1;0;0
215;3;1;0;0
215;1;1;0;0
215;2;1;1;0
216;1;1;1;0
216;2;1;1;0
216;2;1;0;0
216;5;1;1;0
216;4;1;0;0
216;3;1;0;0
216;2;1;0;0
216;4;1;1;0
216;4;1;1;1
216;1;1;0;0
216;2;1;1;0
216;2;1;0;0
216;2;1;0;0
216;2;1;0;0
216;2;1;0;0
216;3;1;0;0
216;1;1;0;0
216;1;1;0;0
216;2;1;0;0
216;2;1;0;0
216;2;1;0;0
216;1;1;0;0
216;1;1;0;0
216;1;1;0;0
216;1;1;0;0
216;2;1;0;0
216;2;1;0;0
216;2;1;0;0
217;4;1;0;0
217;3;1;1;1
217;3;1;0;0
218;3;1;0;0
218;2;1;0;0
218;2;1;0;0
218;2;1;0;0
218;1;1;1;0
218;1;1;0;0
218;1;1;0;0
218;2;1;0;0
218;3;1;0;0
218;3;1;0;0
218;2;1;1;0
218;2;1;0;0
218;2;1;0;0
219;3;1;0;0
219;2;1;0;0
219;5;1;1;0
219;3;1;1;0
220;1;1;1;0
220;4;1;0;0
220;4;1;0;0
220;4;1;0;0
220;1;1;1;0
220;5;1;1;0
220;2;1;1;0
220;5;1;1;0
220;2;1;0;0
220;5;1;1;0
220;3;1;0;0
220;3;1;0;0
220;3;1;0;0
220;3;1;0;0
220;6;1;1;1
220;2;1;0;0
220;4;1;0;0
220;3;1;0;0
220;2;1;0;0
220;1;1;0;0
220;2;1;0;0
220;2;1;0;0
220;1;1;0;0
220;2;1;0;0
220;1;1;0;0
220;1;1;1;0
221;5;1;0;0
221;2;1;1;0
221;2;1;1;0
221;4;1;1;0
221;2;1;1;0
221;3;11;1;0
221;6;1;1;1
221;2;1;0;0
222;3;1;1;0
222;2;1;0;0
222;2;1;1;0
222;3;1;0;0
222;2;1;1;0
222;2;0;1;0
222;3;1;1;0
222;3;1;1;0
222;2;1;1;0
222;2;1;0;0
222;2;1;1;0
222;2;1;0;0
222;1;1;0;0
222;1;1;0;0
222;1;1;0;0
222;1;1;0;0
222;1;1;0;0
222;2;1;0;0
222;1;;;
222;1;;;
222;1;1;0;0
222;1;1;0;0
222;1;1;0;0
222;1;1;0;0
222;1;1;0;0
222;1;1;0;0
222;1;1;0;0
222;1;1;0;0
222;3;1;1;0
223;3;1;1;0
223;2;1;1;0
223;4;1;0;0
223;4;1;1;0
223;6;1;0;0
223;6;1;1;1
223;2;1;1;0
223;1;1;1;0
223;1;1;0;0
223;1;1;0;0
223;1;1;0;0
223;1;1;0;0
223;1;1;0;0
223;1;1;0;0
223;1;1;0;0
224;2;1;0;0
224;3;1;1;0
224;6;1;1;1
224;2;1;0;0
224;3;1;1;0
224;3;1;1;0
224;3;1;1;0
224;3;1;1;0
225;2;1;0;0
225;3;1;0;0
225;5;1;1;0
225;3;1;0;0
225;2;1;0;0
225;2;0;1;0
225;2;1;0;0
225;2;1;0;0
226;5;1;1;1
226;3;1;1;0
226;2;1;0;0
226;2;1;0;0
226;3;1;0;0
226;3;1;1;1
226;5;1;0;0
226;3;1;1;1
226;2;1;1;1
226;1;1;0;0
226;4;1;1;0
226;5;1;1;1
226;1;1;0;0
226;3;1;0;0
227;6;1;0;0
227;6;1;0;0
227;1;1;0;0
227;1;1;0;0
227;6;1;0;0
227;1;1;0;0
227;6;1;0;0
228;6;1;0;0
228;1;1;0;0
228;1;1;0;0
228;2;1;0;0
228;1;1;0;0
228;2;1;0;0
228;1;1;0;0
228;1;1;0;0
228;1;1;0;0
228;3;1;1;1
228;1;1;0;0
228;1;1;0;0
228;1;1;0;0
228;1;1;0;0
228;1;1;0;0
229;6;1;0;0
229;1;1;0;0
229;1;1;0;0
229;1;1;0;0
229;2;1;0;0
229;1;1;0;0
230;3;1;0;0
230;1;1;0;0
230;2;1;0;0
230;6;1;1;0
230;5;1;0;0
230;2;1;1;0
230;1;1;0;0
230;1;1;0;0
230;5;1;0;0
230;6;1;1;0
230;2;1;0;0
230;3;1;0;0
230;3;1;0;0
230;6;1;1;0
231;2;1;0;0
231;4;1;1;0
231;3;1;0;0
231;5;1;1;0
231;1;1;0;0
231;2;1;0;0
231;2;1;0;0
231;6;1;1;0
231;3;1;0;0
231;3;1;0;0
231;3;1;0;0
232;3;1;1;0
232;3;1;0;0
232;1;1;0;0
232;6;1;1;0
232;2;1;0;0
232;1;1;0;0
232;3;1;0;0
232;6;1;1;0
232;5;1;0;0
232;3;1;1;0
232;3;1;1;0
232;2;1;0;0
232;3;1;0;0
232;5;1;0;0
232;3;1;0;0
232;2;1;0;0
232;3;1;0;0
232;6;1;0;0
233;2;1;0;0
233;2;1;0;0
233;6;1;1;0
233;3;1;0;0
233;2;1;0;0
233;6;1;1;0
233;3;1;0;0
233;2;1;0;0
233;6;1;1;0
233;2;1;0;0
233;4;1;1;0
233;3;1;0;0
233;3;1;0;0
233;2;1;0;0
234;1;1;0;0
234;2;1;0;0
234;6;1;1;0
234;4;1;0;0
234;6;1;1;0
234;3;1;0;0
234;2;1;1;0
234;2;1;0;0
234;4;1;0;0
234;4;1;0;0
234;3;1;0;0
234;1;1;0;0
234;4;1;0;0
235;5;1;1;0
235;5;1;0;0
235;5;1;0;0
235;1;1;0;0
235;4;1;0;0
235;6;1;0;0
236;6;1;0;0
236;6;1;0;0
236;6;1;0;0
237;2;1;0;0
237;2;1;1;0
237;3;1;0;0
237;3;1;0;0
237;3;1;0;0
237;5;1;1;0
237;2;1;0;0
237;3;1;0;0
237;2;1;1;0
237;5;1;1;0
237;2;1;0;0
237;2;1;1;0
237;3;1;1;0
237;1;1;0;0
237;1;1;1;0
237;5;1;0;0
237;5;1;0;0
237;2;1;1;0
238;2;1;1;0
238;1;1;0;0
238;2;1;0;0
238;5;1;1;0
238;4;1;0;0
238;2;1;0;0
238;2;1;1;0
238;3;1;0;0
238;1;1;0;0
238;3;1;1;0
238;4;1;1;0
238;3;1;0;0
238;5;1;1;0
238;4;1;1;0
238;5;1;0;0
239;2;1;0;0
239;5;1;1;0
239;6;1;0;0
239;4;1;0;0
239;5;1;1;0
239;6;1;0;0
240;4;1;1;0
240;2;1;0;0
240;4;1;1;0
240;1;1;0;0
240;2;1;0;0
240;5;1;0;0
240;2;1;1;0
240;2;1;1;0
240;6;1;1;0
240;3;1;0;0
240;2;1;0;0
241;2;1;0;0
241;2;1;0;0
241;5;1;1;0
241;2;1;1;0
241;2;1;1;0
241;2;1;0;0
241;2;1;0;0
241;5;1;1;0
241;2;1;0;0
241;1;1;0;0
241;2;1;0;0
241;3;1;1;0
241;2;1;0;0
241;2;1;0;0
241;4;1;0;0
241;5;1;1;0
241;5;1;1;0
241;3;1;1;0
241;2;1;0;0
241;2;1;0;0
242;5;1;1;0
242;5;1;1;0
242;5;1;1;0
242;3;1;1;0
242;5;1;1;0
242;3;1;0;0
242;2;1;0;0
242;4;1;0;0
242;2;1;0;0
242;5;1;0;0
242;2;1;0;0
242;5;1;1;0
242;5;1;1;0
242;5;1;1;0
242;3;1;0;0
242;2;1;0;0
242;2;1;0;0
242;2;1;0;0
242;4;1;1;0
242;5;1;1;0
242;6;1;0;0
243;6;1;0;0
243;6;1;0;0
243;5;1;0;0
243;6;1;0;0
244;2;1;0;0
244;4;1;1;0
244;6;1;1;1
244;2;1;1;0
245;6;1;1;1
246;6;1;1;1
247;4;1;1;0
247;6;1;1;1
248;4;0;1;0
248;6;1;1;1
248;2;1;1;0
248;4;0;1;0
249;6;1;1;0
249;6;1;1;1
249;2;1;1;0
249;2;1;1;0
250;2;0;1;0
250;2;0;1;0
250;2;0;1;0
250;6;1;1;0
250;3;0;1;0
250;6;1;1;1
250;6;0;1;0
250;2;;;
250;2;0;1;0
250;6;0;1;0
251;4;1;1;0
251;4;1;0;0
251;6;1;1;1
251;2;0;1;0
251;2;;;
251;4;1;0;0
252;6;1;0;0
252;6;1;1;1
252;6;1;0;0
252;6;1;0;0
252;2;1;1;0
253;2;0;1;0
253;6;1;0;0
253;4;1;0;0
253;2;0;1;0
253;6;1;1;1
253;2;1;1;0
254;6;1;0;0
254;4;1;0;0
254;6;1;0;0
254;4;1;1;0
254;4;1;1;0
254;4;1;1;0
255;4;;;
255;1;;;
255;4;;;
255;3;;;
255;4;;;
255;6;1;1;1
255;5;;;
255;6;;;
256;6;1;1;1
257;6;1;1;0
257;6;1;1;0
257;6;1;0;0
257;6;1;0;0
258;2;1;0;0
258;3;1;1;0
258;4;1;1;1
258;6;1;0;1
258;2;1;1;0
259;6;1;1;1
259;4;1;1;0
259;4;1;1;1
259;4;1;1;1
259;1;1;1;1
259;1;1;1;0
260;6;1;1;1
260;1;1;1;1
260;3;1;1;1
261;5;1;1;1
261;2;1;1;1
261;6;1;1;1
261;4;1;1;1
262;6;1;1;1
262;1;1;0;0
263;5;1;1;1
263;6;1;1;1
263;4;1;1;0
263;2;1;1;0
263;2;1;1;0
263;2;1;1;1
263;2;1;1;1
264;1;1;1;0
264;5;1;1;1
264;6;1;1;1
264;6;1;1;1
264;2;1;1;1
264;5;1;1;0
264;5;1;1;1
264;2;1;1;1
264;2;1;1;0
264;5;1;1;0
265;1;1;1;0
265;1;1;1;1
265;3;1;1;1
265;3;1;1;0
265;5;1;1;1
265;6;1;1;1
265;1;1;1;0
265;5;1;1;0
265;5;1;1;1
265;5;1;1;0
266;6;1;1;1
266;2;1;0;0
266;2;1;0;0
266;5;1;1;1
266;4;1;1;0
266;4;1;1;1
266;4;1;1;1
266;4;1;1;1
266;4;1;0;0
267;3;1;1;0
267;2;1;1;0
267;2;1;1;0
267;3;1;1;0
267;3;1;1;0
267;6;1;1;1
267;3;1;1;0
267;3;1;1;0
267;2;1;0;0
267;2;1;1;0
267;2;1;1;0
267;2;1;0;0
267;5;1;0;0
268;2;1;0;0
268;2;1;1;0
268;5;1;1;1
268;2;1;1;0
268;2;1;0;0
268;3;1;1;0
268;2;1;1;0
268;3;1;1;0
268;2;1;1;0
268;4;1;1;0
268;4;1;0;0
268;4;1;1;1
269;2;1;1;0
269;2;1;1;0
269;3;1;1;0
269;4;1;1;0
269;5;1;1;1
269;6;1;1;1
269;5;1;1;0
269;2;1;0;0
269;2;1;0;0
269;2;1;0;0
269;3;1;0;0
269;5;1;1;0
269;2;1;0;0
269;5;1;1;0
269;5;1;1;1
269;2;1;0;0
269;5;1;1;1
270;6;1;1;1
270;6;1;1;1
270;6;1;1;0
270;6;1;1;1
270;6;1;1;1
270;6;1;1;0
270;6;1;1;1
270;6;1;1;1
270;6;1;1;1
270;4;1;1;0
271;6;1;1;1
271;5;1;1;1
271;5;1;1;0
271;5;1;1;0
272;3;1;0;0
272;3;1;0;0
272;3;1;1;0
272;3;1;0;0
272;3;1;0;0
272;1;1;1;0
272;3;1;0;0
272;4;1;0;0
272;3;1;0;0
272;1;1;1;0
272;2;1;0;0
272;3;1;0;0
273;1;1;1;0
273;3;1;1;0
273;1;1;0;0
273;2;1;0;0
273;2;1;0;0
273;3;1;0;0
273;3;1;1;0
273;3;1;0;0
273;1;1;0;0
273;1;1;0;0
273;2;1;1;1
273;2;1;0;0
274;2;1;0;0
274;5;1;0;0
274;3;1;1;0
274;3;1;1;0
274;3;1;1;0
274;3;1;1;0
274;3;1;1;0
274;2;1;1;0
274;2;1;1;0
274;1;1;0;0
274;1;1;0;0
274;2;1;0;0
274;1;1;0;0
274;1;1;1;0
274;1;1;0;0
274;3;1;0;0
274;3;1;0;0
274;2;1;0;0
274;4;1;0;0
275;4;1;1;1
275;3;1;1;0
275;2;1;1;1
275;4;1;1;1
275;1;1;0;0
275;2;1;1;1
275;1;1;1;1
275;3;1;0;0
275;1;1;0;0
275;2;1;1;1
275;3;1;0;0
275;2;1;1;1
275;1;1;1;1
275;3;1;1;1
275;3;1;0;0
275;2;1;0;0
275;2;1;1;1
275;2;1;1;0
275;1;1;1;1
275;4;1;1;1
276;3;1;0;0
276;1;1;1;0
276;1;1;0;0
276;1;1;0;0
276;1;1;0;0
276;1;1;0;0
276;2;1;1;0
276;1;1;0;0
276;2;1;0;0
276;4;1;0;0
276;3;1;0;0
276;2;1;1;0
276;1;1;1;0
277;1;1;1;1
277;2;1;1;1
277;2;1;1;0
277;1;1;1;0
277;3;1;0;0
277;3;1;1;1
277;3;1;1;1
277;1;1;1;1
277;4;1;1;0
277;2;1;1;1
277;2;1;0;0
277;3;1;1;1
277;1;1;1;1
277;2;1;1;0
277;1;1;1;1
277;2;1;0;0
277;2;1;1;1
277;2;1;0;0
277;1;1;1;1
277;1;1;1;1
277;4;1;1;1
277;5;1;1;1
278;2;1;0;0
278;2;1;0;0
279;1;1;0;0
279;1;1;1;0
279;1;1;0;0
279;1;1;0;0
279;3;1;0;0
279;3;1;0;0
279;1;1;1;0
279;4;1;0;0
279;2;1;1;1
279;1;1;0;0
279;2;1;1;0
280;1;1;0;0
280;2;1;0;0
280;3;1;0;0
280;2;1;0;0
280;1;1;0;0
280;1;1;0;0
280;4;1;0;0
280;3;1;0;0
280;2;1;0;0
280;1;1;0;0
280;4;1;0;0
280;2;1;0;0
281;2;1;0;0
281;1;1;1;0
281;3;1;0;0
281;1;1;0;0
281;4;1;0;0
281;1;1;1;0
281;2;1;0;0
281;4;1;0;0
281;3;1;1;1
281;1;1;0;0
281;2;1;0;0
282;2;1;1;0
282;2;1;0;0
282;3;1;0;0
282;2;1;0;0
282;3;1;0;0
282;3;1;1;1
283;3;1;0;0
283;2;1;0;0
283;1;1;0;0
283;1;1;0;0
283;5;1;1;1
283;2;1;1;1
283;2;1;1;0
283;2;1;1;0
283;1;1;1;0
283;3;1;0;0
283;1;1;1;0
283;1;1;0;0
283;2;1;1;1
283;1;1;1;1
283;4;1;1;1
284;6;1;1;1
284;5;1;1;1
284;3;1;0;0
284;6;1;1;1
284;5;1;1;1
284;3;1;1;1
284;2;1;0;0
284;5;1;1;1
284;1;1;0;0
284;5;1;1;1
285;3;1;1;1
285;6;1;1;1
286;2;1;1;1
286;2;1;0;0
286;6;1;1;1
286;6;1;1;1
286;6;1;1;1
287;1;1;0;0
287;6;1;1;1
287;6;1;1;1
287;6;1;1;1
288;3;1;1;0
288;3;1;1;0
288;1;1;0;0
288;6;1;1;1
288;1;1;0;0
288;1;1;1;0
288;4;1;1;1
289;1;1;0;0
289;1;1;0;0
289;6;1;1;1
290;4;1;0;0
290;6;1;1;1
290;4;1;0;0
291;4;1;1;1
291;4;1;0;0
291;4;1;1;1
291;2;1;1;1
291;6;1;1;1
291;5;1;1;1
291;4;1;1;0
291;2;1;1;1
291;2;1;1;1
291;1;1;1;0
291;4;1;1;1
291;5;1;1;1
291;4;1;1;1
291;4;1;1;1
291;2;1;1;1
291;6;1;1;1
291;2;1;0;0
291;3;1;1;0
291;6;1;1;1
291;3;1;1;1
291;4;1;1;1
291;2;1;1;1
291;2;1;1;0
291;2;1;0;0
291;2;1;0;0
291;6;1;1;1
291;6;1;1;1
291;6;1;1;1
291;1;1;1;0
291;2;1;0;0
291;2;1;0;0
291;6;1;1;1
291;5;1;1;1
291;6;1;1;1
291;4;1;1;1
291;2;1;1;1
291;4;1;1;1
291;6;1;1;1
292;6;1;1;1
293;6;1;1;1
293;4;1;1;1
294;1;1;0;0
294;2;1;0;0
294;1;1;0;0
294;1;1;0;0
294;1;1;0;0
294;6;1;1;1
294;2;1;0;0
294;2;1;1;0
294;2;1;1;0
294;2;1;1;0
295;6;1;1;1
295;2;1;0;0
296;6;1;1;1
296;3;1;1;1
297;1;1;0;0
297;6;1;1;1
297;3;1;1;0
298;2;1;0;0
298;6;1;1;1
298;6;1;1;1
298;6;1;1;1
298;6;1;1;1
298;6;1;1;1
299;6;1;1;1
300;2;1;0;0
300;5;1;1;0
300;3;1;1;1
300;4;1;1;1
300;5;1;1;1
300;5;1;1;1
300;3;1;1;1
300;3;1;0;0
301;5;0;1;0
301;5;1;1;1
301;1;1;0;0
301;5;1;1;1
301;5;1;1;1
301;1;1;0;0
301;5;1;1;1
301;5;0;1;0
301;5;0;1;0
301;5;1;1;0
301;5;1;1;1
301;5;1;1;1
301;5;1;1;0
301;6;1;1;0
301;3;1;1;0
301;6;1;1;0
301;5;1;1;0
301;5;1;1;1
301;5;1;1;1
301;5;1;1;0
302;6;1;1;1
302;4;1;1;1
302;4;1;1;1
302;2;1;1;1
302;2;1;0;0
302;1;0;1;0
302;6;1;1;0
302;2;1;1;1
302;6;1;1;1
302;1;1;1;0
303;5;1;1;1
303;5;1;1;0
303;3;1;1;1
303;3;1;1;0
303;2;1;1;0
304;2;1;1;1
304;1;1;0;0
304;2;1;0;0
304;2;1;0;0
305;6;1;1;1
305;6;1;1;1
305;6;1;1;1
305;6;1;1;1
305;6;1;1;1
305;6;1;1;1
305;6;1;1;1
305;6;1;1;1
305;6;1;1;1
305;6;1;1;1
305;6;1;1;1
305;6;1;1;1
305;6;1;1;1
305;6;1;1;1
305;6;1;1;1
305;6;1;1;1
305;6;1;1;1
305;6;1;1;1
305;6;1;1;1
305;6;1;1;1
305;6;1;1;1
305;6;1;1;1
305;6;1;1;1
305;6;1;1;1
305;6;1;1;1
305;6;1;1;1
305;6;1;1;1
305;6;1;1;1
306;6;1;1;1
307;3;1;0;0
307;6;1;1;1
307;2;1;0;0
307;3;1;0;0
307;6;1;1;0
307;2;1;1;0
307;6;1;1;0
307;2;1;0;0
308;6;1;1;1
309;3;1;1;0
309;6;1;1;1
309;5;1;1;1
309;2;1;0;0
309;5;1;1;1
309;5;1;1;1
309;5;1;1;0
309;5;1;1;1
309;5;1;1;1
309;3;1;1;0
310;1;1;0;0
310;2;1;0;0
310;2;1;0;0
311;6;1;1;1
311;6;1;1;1
311;5;1;1;1
311;3;1;1;0
312;6;1;1;1
312;6;1;1;1
312;6;1;1;0
313;6;1;1;1
313;6;1;1;1
313;6;1;1;1
314;6;1;1;0
314;4;1;0;0
314;1;1;0;0
314;6;1;1;1
314;4;1;0;0
314;4;1;0;0
314;1;1;0;0
314;1;1;0;0
314;4;1;0;0
315;6;1;1;0
315;5;1;1;0
315;6;1;1;1
315;1;1;0;0
315;3;1;0;0
315;4;1;1;0
315;4;1;1;0
315;5;1;0;0
315;5;1;1;1
315;5;1;1;0
316;6;1;1;1
316;6;1;1;1
316;2;1;0;0
316;4;1;1;0
316;5;1;1;0
316;2;1;1;0
316;2;1;0;0
316;6;1;1;1
317;6;1;1;1
317;6;1;1;1
317;1;1;0;0
317;1;1;0;0
317;6;1;1;1
317;1;1;0;0
318;6;1;1;1
318;4;1;1;0
318;6;1;1;1
318;4;1;1;0
318;4;1;0;0
318;4;1;1;0
318;3;1;1;0
318;4;1;1;0
318;4;1;0;0
318;4;1;0;0
318;4;1;0;0
318;4;1;0;0
318;4;1;0;0
318;6;1;1;1
318;2;1;1;0
318;4;1;0;0
318;3;1;0;0
318;4;1;0;0
319;6;1;1;1
319;5;1;1;0
319;2;1;0;0
319;6;1;1;1
319;5;1;0;0
319;5;1;0;0
319;2;1;0;0
319;5;1;1;0
319;5;1;0;0
319;5;1;1;0
319;5;1;1;0
319;5;1;1;0
319;5;1;0;0
319;5;1;0;0
319;5;1;1;0
319;5;1;1;0
319;6;1;1;1
319;5;1;1;0
319;5;1;1;0
319;6;1;1;1
319;5;1;1;0
319;5;1;1;0
320;6;1;1;1
320;6;1;1;1
320;2;1;0;0
320;2;1;0;0
320;2;1;0;0
320;6;1;1;1
320;6;1;1;1
321;6;1;1;1
321;6;1;1;1
321;1;1;0;0
321;2;1;0;0
321;3;1;0;0
321;6;1;1;1
322;6;1;1;1
322;4;1;1;0
322;6;1;1;1
322;3;1;0;0
322;4;1;1;0
322;2;1;0;0
322;2;1;0;0
323;6;1;1;1
323;2;1;0;0
323;6;1;1;1
323;2;1;0;0
323;5;1;1;0
323;5;1;1;0
323;2;1;0;0
323;2;1;0;0
323;5;1;0;0
323;3;1;0;0
323;2;1;0;0
323;5;1;0;0
323;5;1;1;0
324;6;1;1;1
324;6;1;1;1
324;5;1;0;0
324;5;1;0;0
324;5;1;0;0
324;5;1;0;0
324;5;1;0;0
324;5;1;0;0
324;5;1;0;0
324;5;1;0;0
325;6;1;1;1
325;6;1;1;1
325;2;1;0;0
325;4;1;1;0
325;6;1;1;1
325;6;1;1;1
325;2;1;0;0
325;2;1;0;0
326;6;1;1;1
326;5;1;1;1
326;6;1;1;1
326;2;1;0;0
326;5;1;1;1
326;2;1;0;0
326;2;1;0;0
326;3;1;0;0
326;6;1;1;1
326;5;1;1;1
326;6;1;1;1
327;6;1;1;1
327;6;1;1;1
327;2;1;0;0
327;2;1;0;0
327;6;1;1;1
327;2;1;0;0
327;2;1;0;0
327;6;1;1;1
327;1;1;0;0
327;3;1;0;0
328;2;1;0;0
328;1;1;0;0
328;6;1;1;1
328;5;1;1;0
328;2;1;0;0
328;3;1;1;0
328;4;1;1;0
328;4;1;1;0
328;4;1;1;0
328;5;1;1;1
328;5;1;1;0
328;3;1;1;0
328;3;1;1;0
328;3;1;1;0
328;3;1;1;1
328;2;1;1;0
329;4;1;1;0
329;1;1;0;0
329;1;1;0;0
329;6;1;1;1
329;5;1;1;1
329;5;1;1;1
329;4;1;1;1
330;3;1;0;0
330;6;1;1;1
330;4;1;1;0
330;1;1;0;0
330;4;1;1;0
330;5;1;1;1
330;5;1;1;0
331;2;1;0;0
331;4;1;1;1
331;3;1;0;0
331;6;1;1;1
331;1;1;0;0
331;2;1;1;0
331;2;1;1;0
331;4;1;1;1
331;4;1;1;1
332;3;1;1;0
332;6;1;1;1
332;2;1;0;0
332;5;1;1;1
332;5;1;1;1
332;2;1;0;0
333;4;1;0;0
333;5;1;1;1
333;6;1;1;1
333;4;1;1;1
333;5;1;1;1
333;5;1;1;0
334;6;1;1;0
334;2;1;0;0
334;1;1;0;0
334;6;1;1;1
334;4;;1;0
334;2;1;1;0
334;3;1;1;0
334;5;1;1;1
334;4;1;1;0
334;1;1;0;0
335;6;1;1;0
335;1;1;0;0
335;6;1;1;1
335;2;1;1;0
335;1;1;0;0
335;2;1;0;0
335;6;1;1;0
335;4;1;1;0
335;5;1;1;1
335;2;1;1;0
335;4;1;1;0
335;2;1;0;0
336;4;1;1;1
336;6;1;1;1
336;4;1;1;1
336;5;1;1;0
336;5;1;1;1
336;5;1;1;0
337;6;1;1;1
337;4;1;1;0
337;2;1;1;0
337;3;1;1;0
337;3;1;1;0
337;2;1;1;0
337;2;1;1;0
337;2;1;1;0
337;2;1;1;0
337;3;1;1;0
337;6;1;1;1
337;4;1;1;0
337;3;1;1;0
337;3;1;1;0
337;3;1;1;0
337;3;1;1;0
337;3;1;1;0
337;2;1;1;0
338;2;1;0;0
338;4;1;1;1
338;2;1;1;0
338;6;1;1;1
338;2;1;1;0
338;2;1;1;0
338;1;1;0;0
338;1;1;0;0
338;2;1;1;0
338;3;1;1;0
338;5;1;1;0
338;6;1;1;1
338;5;1;1;0
338;2;1;1;0
339;4;1;1;0
339;4;1;1;1
339;3;1;1;0
339;2;1;1;0
339;1;1;0;0
339;2;1;0;0
339;6;1;1;1
339;2;1;1;0
339;5;1;1;0
339;5;1;1;1
339;5;1;1;0
339;4;1;1;1
340;5;1;1;0
340;2;1;1;0
340;3;1;1;0
340;6;1;1;1
340;2;1;1;0
340;3;1;1;0
340;2;1;1;0
340;5;1;1;1
340;5;1;1;1
340;2;1;1;1
340;2;1;1;0
340;5;1;1;1
341;3;1;1;0
341;2;1;1;0
341;2;1;1;0
341;6;1;1;1
341;2;1;1;0
341;1;1;0;0
341;2;1;1;0
341;1;1;1;0
341;6;1;1;0
341;6;1;1;1
341;6;1;1;0
341;2;1;1;0
341;2;1;1;0
341;2;1;1;0
341;2;1;1;0
342;1;1;0;0
342;4;1;1;1
342;4;1;1;1
342;3;1;1;0
342;3;1;1;0
342;2;1;0;0
342;2;1;1;0
342;2;1;0;0
342;2;1;0;0
342;2;1;0;0
342;2;1;0;0
342;4;1;0;0
342;2;;;
342;2;1;0;0
342;4;1;1;0
342;2;1;1;0
342;2;1;1;0
342;2;1;1;0
342;2;1;1;0
342;2;1;1;0
342;2;1;1;0
342;2;1;1;0
342;2;1;1;0
342;2;1;1;0
342;2;1;1;0
342;4;1;1;0
342;2;1;1;0
342;2;1;1;0
342;2;1;1;0
342;2;1;1;0
342;2;1;0;0
342;2;1;0;0
342;2;1;0;0
342;2;1;0;0
342;2;1;0;0
342;4;1;1;0
342;2;1;0;0
342;2;1;0;0
342;2;1;0;0
342;2;1;0;0
342;2;1;0;0
342;2;1;0;0
342;4;1;1;0
342;4;1;1;0
342;4;1;1;0
342;4;1;1;0
342;4;1;1;0
342;4;1;1;0
342;2;1;1;0
342;2;1;1;0
342;2;1;1;0
343;3;1;1;1
343;4;1;1;1
343;3;1;1;1
343;3;1;1;0
343;3;1;1;0
343;1;1;0;0
343;1;1;0;0
343;3;1;1;0
343;2;1;0;0
343;2;1;0;0
343;2;1;0;0
343;2;1;0;0
343;2;1;0;0
343;2;1;0;0
343;2;1;0;0
343;2;1;0;0
343;2;1;0;0
343;2;1;0;0
343;2;1;0;0
343;2;1;0;0
343;2;1;0;0
343;2;1;0;0
343;2;1;0;0
343;2;1;0;0
343;2;1;0;0
343;2;1;0;0
343;2;1;0;0
343;2;1;0;0
343;2;1;0;0
343;2;1;0;0
343;2;1;0;0
343;2;1;0;0
343;2;1;0;0
343;2;1;0;0
343;2;1;0;0
343;2;1;0;0
343;2;1;0;0
343;2;1;0;0
343;2;1;0;0
344;6;1;1;1
344;6;1;1;1
344;3;1;1;0
344;3;1;1;0
344;2;1;0;0
344;2;1;0;0
344;2;1;0;0
344;2;1;0;0
344;2;1;0;0
344;4;1;0;0
344;4;1;0;0
344;2;1;0;0
344;2;1;0;0
344;2;1;0;0
344;2;1;0;0
344;2;1;0;0
344;2;1;0;0
344;2;1;0;0
344;2;1;0;0
344;2;1;0;0
344;2;1;0;0
344;2;1;0;0
344;2;1;0;0
344;2;1;0;0
344;2;1;0;0
344;2;1;0;0
344;2;1;0;0
344;2;1;0;0
344;2;1;0;0
344;2;1;0;0
344;2;1;0;0
344;2;1;0;0
344;2;1;0;0
344;2;1;0;0
344;2;1;0;0
344;2;1;0;0
344;2;1;0;0
344;2;1;0;0
344;2;1;0;0
344;2;1;0;0
344;2;1;0;0
344;2;1;0;0
344;2;1;0;0
344;2;1;0;0
344;2;1;0;0
345;1;1;0;0
345;3;1;1;0
345;2;1;0;0
345;6;1;1;1
345;4;1;1;1
345;4;1;1;0
345;3;1;1;0
345;3;1;0;0
345;2;1;0;0
345;2;1;0;0
345;2;1;0;0
345;2;1;0;0
345;2;1;0;0
345;2;1;0;0
345;2;1;0;0
345;2;1;0;0
345;2;1;0;0
345;2;1;0;0
345;2;1;0;0
345;2;1;0;0
345;2;1;0;0
345;2;1;0;0
345;2;1;0;0
345;2;1;0;0
345;2;1;0;0
345;2;1;0;0
345;2;1;0;0
345;2;1;0;0
345;2;1;0;0
345;2;1;0;0
345;2;1;0;0
345;2;1;0;0
345;2;1;0;0
345;2;1;0;0
345;2;1;0;0
345;3;1;0;0
345;3;1;0;0
345;2;1;0;0
345;2;1;0;0
345;2;1;0;0
346;1;1;0;0
346;4;1;1;0
346;4;1;1;0
346;4;1;1;0
346;6;1;1;1
346;4;1;1;0
346;4;1;1;1
346;4;1;1;0
346;3;1;1;0
346;2;1;1;0
346;2;1;1;0
346;2;1;1;0
346;2;1;1;0
346;2;1;1;0
346;2;1;1;0
346;2;1;1;0
346;2;1;1;0
346;2;1;1;0
346;2;1;1;0
346;2;1;1;0
346;2;1;1;0
346;2;1;1;0
346;2;1;1;0
346;2;1;1;0
346;2;1;1;0
346;2;1;1;0
346;2;1;1;0
346;2;1;1;0
346;2;1;1;0
346;2;1;1;0
346;2;1;1;0
346;2;1;1;0
346;2;1;1;0
346;2;1;1;0
346;2;1;1;0
346;2;1;1;0
346;2;1;1;0
346;2;1;1;0
346;2;1;1;0
346;2;1;1;0
346;2;1;1;0
346;2;1;1;0
346;2;1;1;0
346;2;1;1;0
346;2;1;1;0
346;2;1;1;0
347;2;1;0;0
347;1;1;0;0
347;1;1;0;0
347;2;1;0;0
347;1;1;0;0
347;6;1;1;1
347;1;1;0;0
347;5;1;1;1
347;4;1;1;0
347;5;1;1;0
347;2;1;0;0
348;6;1;1;1
348;5;1;1;1
348;3;1;1;0
348;4;1;1;0
349;6;1;1;1
349;5;1;1;1
349;3;1;1;0
349;4;1;1;0
349;1;1;0;0
349;1;1;0;0
349;1;1;0;0
349;1;1;0;0
349;1;1;0;0
349;1;1;0;0
349;1;1;0;0
349;1;1;1;0
349;2;1;0;0
349;2;1;0;0
349;2;1;0;0
349;2;1;0;0
349;2;1;0;0
349;2;1;0;0
349;2;1;0;0
349;2;1;0;0
349;2;1;0;0
349;2;1;0;0
349;2;1;0;0
349;2;1;0;0
349;2;1;0;0
349;2;1;0;0
349;2;1;0;0
349;2;1;0;0
349;2;1;0;0
349;2;1;0;0
349;2;1;0;0
349;2;1;0;0
349;2;1;0;0
349;2;1;0;0
349;2;1;0;0
349;2;1;0;0
349;2;1;0;0
349;2;1;0;0
349;2;1;0;0
350;4;1;0;0
350;6;1;1;1
350;5;1;1;1
350;4;1;1;0
350;4;1;1;0
350;1;1;1;0
350;1;1;1;0
350;1;1;1;0
350;1;1;1;0
350;1;1;1;0
350;1;1;1;0
350;1;1;1;0
350;1;1;1;0
350;1;1;0;0
350;1;1;0;0
350;1;1;0;0
350;1;1;0;0
350;1;1;0;0
350;1;1;0;0
350;1;1;0;0
350;1;1;0;0
350;1;1;0;0
350;1;1;0;0
350;1;1;0;0
350;1;1;0;0
350;1;1;0;0
350;1;1;0;0
350;1;1;0;0
350;1;1;0;0
350;1;1;0;0
351;6;1;1;1
351;6;1;1;0
351;6;1;1;0
351;6;1;1;0
351;6;1;1;0
351;4;1;1;1
351;4;1;1;0
351;4;1;1;0
351;6;1;1;0
351;6;1;1;0
351;6;1;1;0
351;6;1;1;0
351;6;1;1;0
351;6;1;1;0
351;6;1;1;0
351;6;1;1;0
351;6;1;1;0
351;6;1;1;0
351;6;1;1;0
352;6;1;1;1
352;4;1;1;1
352;4;1;1;0
352;3;1;0;0
352;3;1;0;0
352;5;1;1;0
352;5;1;1;0
352;5;1;1;0
352;5;1;1;0
352;5;1;1;0
352;5;1;1;0
352;5;1;1;0
352;5;1;1;0
352;5;1;1;0
352;5;1;1;0
352;5;1;1;0
352;4;1;1;0
352;4;1;1;0
352;4;1;1;0
352;4;1;1;0
352;4;1;1;0
352;4;1;1;0
352;4;1;1;0
352;4;1;1;0
352;4;1;1;0
352;4;1;1;0
352;1;1;0;0
352;1;1;0;0
352;1;1;0;0
353;6;1;1;1
353;4;1;1;1
353;3;1;1;0
353;4;1;1;0
353;5;1;1;0
353;5;1;1;0
353;5;1;1;0
353;5;1;1;0
353;5;1;1;0
353;5;1;1;0
353;5;1;1;0
353;5;1;1;0
353;5;1;1;0
353;5;1;1;0
353;5;1;1;0
353;3;1;1;0
353;3;1;1;0
353;3;1;1;0
353;3;1;1;0
353;3;1;1;0
353;3;1;1;0
354;6;1;1;1
354;6;1;1;0
354;6;1;1;1
354;6;1;1;0
354;6;1;1;1
354;5;1;1;1
354;3;1;1;0
354;1;1;0;0
354;1;1;0;0
354;1;1;0;0
355;6;1;1;1
355;2;1;1;1
355;4;1;1;0
355;6;1;1;1
355;6;1;1;0
356;2;1;0;0
356;1;1;1;0
356;1;1;1;0
356;1;1;1;0
356;1;1;1;0
356;2;1;0;0
356;5;1;1;0
356;1;1;1;0
356;1;1;1;0
356;1;1;1;0
356;1;1;1;0
356;1;1;1;1
356;1;1;1;0
356;1;1;1;0
356;3;1;1;0
356;1;1;1;0
356;6;1;0;0
356;3;1;0;0
356;1;1;1;0
356;1;1;1;0
356;1;1;1;0
356;1;1;1;0
356;1;1;1;0
356;1;1;1;0
356;1;1;0;0
356;6;1;1;1
356;3;1;0;0
356;1;1;1;0
357;5;1;1;0
357;3;1;0;0
357;5;1;1;0
357;3;1;0;0
357;3;1;0;0
357;5;1;1;0
357;1;1;0;0
357;6;1;0;0
357;5;1;1;0
357;6;1;0;0
357;3;1;0;0
357;3;1;0;0
357;3;1;0;0
357;1;1;0;0
357;5;1;1;0
357;3;1;0;0
357;2;1;0;0
357;6;1;1;1
357;5;1;1;0
358;4;1;0;0
358;2;0;1;0
358;3;1;0;0
358;3;1;0;0
358;3;1;0;0
358;6;1;0;0
358;6;1;0;0
358;4;1;1;0
358;6;1;1;1
358;6;1;1;0
359;1;1;1;0
359;3;1;0;0
359;2;1;0;0
359;3;1;0;0
359;3;1;0;0
359;2;1;0;0
359;3;1;0;0
359;3;1;0;0
359;2;0;0;0
359;6;1;1;1
360;1;1;0;0
360;3;1;0;0
360;3;1;0;0
360;3;1;0;0
360;3;1;0;0
360;3;1;0;0
361;4;1;0;1
361;3;1;1;1
361;3;1;1;0
361;1;1;0;0
362;2;1;0;0
362;1;1;0;0
362;6;1;1;1
363;2;1;1;0
363;6;1;0;0
363;6;1;0;0
363;6;1;0;0
363;6;1;0;0
363;6;1;0;0
363;2;1;1;0
363;6;1;0;0
363;6;1;0;0
363;6;1;1;1
363;6;1;0;0
364;6;1;0;0
364;6;1;0;0
364;6;1;0;0
364;6;1;0;0
364;6;1;0;0
364;6;1;0;0
364;6;1;0;0
365;4;1;0;0
365;3;1;1;0
365;6;1;0;0
365;6;1;0;0
365;6;1;0;0
365;6;1;0;0
365;3;1;1;0
365;6;1;0;0
365;6;1;0;0
365;6;1;1;1
365;6;1;0;0
366;5;1;0;0
366;5;1;1;0
366;5;1;0;0
366;5;1;1;0
366;5;1;0;0
366;2;1;0;0
366;5;1;0;0
366;2;1;0;0
366;5;1;1;0
366;2;1;0;0
366;6;1;1;1
366;5;1;1;0
367;6;1;0;0
367;6;1;0;0
367;6;1;0;0
367;2;1;0;0
367;6;1;0;0
367;6;1;0;0
367;4;1;0;0
367;6;1;0;0
367;6;1;0;0
367;6;1;0;0
367;6;1;0;0
367;6;1;0;0
367;6;1;0;0
367;6;1;0;0
367;6;1;0;0
367;6;1;1;1
367;6;1;0;0
367;6;1;0;0
368;2;1;0;0
368;6;1;0;0
368;2;1;0;0
368;2;1;0;0
368;3;1;0;0
368;5;1;0;0
368;2;1;0;0
368;6;1;1;1
369;4;1;1;0
369;4;1;1;0
369;6;1;1;1
370;3;1;1;0
370;2;1;1;0
370;5;1;1;1
370;5;1;1;1
371;2;1;0;0
371;2;1;0;0
371;2;1;0;0
371;1;1;1;1
371;5;1;1;1
371;2;1;0;0
372;2;1;0;0
372;5;1;1;0
372;2;1;1;0
372;5;1;1;1
372;5;1;1;1
372;4;1;1;1
372;5;1;1;0
373;3;1;0;0
373;5;1;1;0
373;2;1;1;0
373;4;1;1;1
373;5;1;0;0
373;4;1;1;1
373;3;1;0;0
374;2;1;1;0
374;2;1;0;0
374;4;1;1;1
374;5;1;1;1
374;2;1;0;0
375;4;1;1;1
375;5;1;1;1
375;2;1;0;0
376;2;1;0;0
376;6;1;1;1
376;6;1;1;1
376;2;1;0;0
377;2;1;0;0
377;4;1;1;0
377;2;1;0;0
377;2;1;0;0
377;5;1;1;1
377;5;1;1;1
378;4;1;1;1
378;4;1;1;0
378;3;1;1;0
378;4;1;1;1
378;4;1;1;1
379;4;1;1;0
379;2;1;0;0
379;4;1;1;0
379;4;1;1;0
379;4;1;1;0
379;4;1;1;1
379;5;1;1;1
380;2;1;0;0
380;2;1;0;0
380;3;1;1;1
380;4;1;1;0
380;4;1;1;1
381;4;1;1;0
381;4;1;1;1
381;5;1;1;1
382;1;1;0;0
382;2;1;0;0
382;2;1;1;0
382;4;1;1;1
382;5;1;1;1
383;5;1;1;0
383;6;1;1;0
383;3;1;1;0
383;6;1;1;0
383;5;1;1;0
383;5;1;1;1
383;5;1;1;1
384;5;1;1;0
384;5;1;1;1
384;1;1;0;0
384;5;1;1;1
384;5;1;1;1
385;6;1;0;0
385;3;1;1;0
385;1;1;0;0
385;3;1;0;0
385;2;1;1;1
385;1;1;1;0
385;1;1;0;0
385;1;1;0;0
385;6;1;0;0
385;3;1;1;0
386;2;1;0;0
386;6;1;0;0
386;3;1;0;0
386;3;1;0;0
386;1;1;0;0
386;1;1;0;0
386;6;1;0;0
386;3;1;0;0
387;6;1;0;0
387;3;1;1;0
387;5;1;1;1
387;1;1;0;0
387;4;1;1;1
387;3;1;1;0
387;4;1;1;1
387;4;1;1;1
387;3;1;1;0
387;3;1;0;0
387;3;1;0;0
388;3;1;0;0
388;6;1;1;1
388;6;1;1;1
388;6;1;1;1
388;3;1;1;1
388;1;1;0;0
388;6;1;1;1
388;3;1;1;1
388;2;1;0;0
389;6;1;1;1
389;6;1;1;1
389;6;1;1;1
389;6;1;1;1
390;6;1;1;1
390;6;1;1;1
390;6;1;1;1
390;6;1;1;1
390;4;1;1;0
391;3;1;1;0
391;1;1;1;0
391;6;1;1;1
391;6;1;1;1
391;2;1;1;0
391;6;1;1;1
391;6;1;1;1
391;2;1;0;0
392;6;1;0;0
392;3;1;0;0
392;2;1;1;1
392;2;1;0;0
392;2;1;0;0
392;6;1;0;0
392;3;1;0;0
393;6;1;0;0
393;3;1;0;0
393;1;1;0;0
393;3;1;0;0
393;6;1;0;0
393;3;1;0;0
393;3;1;0;0
394;6;1;0;0
394;3;1;0;0
394;5;1;1;1
394;5;1;1;1
394;5;1;1;1
394;2;1;0;0
394;1;1;0;0
394;5;1;1;1
394;6;1;0;0
394;3;1;0;0
395;5;1;1;1
395;6;1;1;1
395;6;1;1;1
395;3;1;1;0
395;3;1;1;0
395;6;1;1;1
395;5;1;1;1
395;6;1;1;1
396;4;1;0;0
396;6;1;1;1
396;6;1;1;1
396;6;1;1;1
396;4;1;0;0
396;6;1;1;1
396;4;1;1;1
397;5;1;0;0
397;6;1;1;1
397;6;1;1;1
397;6;1;1;1
397;2;1;0;0
397;4;1;0;0
397;6;1;1;1
398;3;1;0;0
398;1;1;0;0
398;1;1;0;0
398;1;1;0;0
398;3;1;0;0
398;1;1;0;0
398;3;1;0;0
398;1;1;0;0
398;3;1;1;0
398;2;1;0;0
399;2;1;0;0
399;2;1;0;0
399;3;1;0;0
399;2;1;0;0
399;1;1;0;0
399;5;1;0;0
399;3;1;0;0
399;5;1;0;0
399;3;1;1;0
399;5;1;1;1
399;2;1;1;0
399;3;1;1;1
399;3;1;0;0
399;3;1;0;0
399;5;1;0;0
399;3;1;0;0
399;1;1;0;0
399;2;1;1;0
399;2;1;0;0
399;3;1;1;1
399;3;1;0;0
399;3;1;0;0
399;2;1;0;0
399;6;1;1;1
400;3;1;0;0
400;1;1;0;0
400;1;1;0;0
400;2;1;0;0
400;1;1;1;0
400;1;1;1;0
400;2;1;1;0
400;1;1;0;0
400;4;1;1;1
400;1;1;0;0
400;2;1;0;0
400;1;1;0;0
400;1;1;0;0
400;2;1;0;0
400;6;1;1;1
401;1;1;0;0
401;5;1;1;0
401;2;1;0;0
401;5;1;0;0
401;4;1;1;0
401;2;1;0;0
401;2;1;0;0
401;4;1;1;1
401;5;1;1;0
402;4;1;1;0
402;1;1;0;0
402;2;1;0;0
402;4;1;1;0
402;1;1;0;0
402;5;1;1;0
402;1;1;0;0
402;4;1;1;0
402;5;1;0;0
402;5;1;1;1
402;1;1;0;0
402;5;1;1;0
402;1;1;0;0
403;1;1;1;0
403;6;1;1;0
403;4;1;1;0
403;3;1;1;0
403;2;1;1;0
403;2;1;0;0
403;3;1;1;0
403;3;1;0;0
403;1;1;0;0
403;2;1;0;0
403;6;1;1;1
404;1;1;0;0
404;6;1;1;1
404;6;1;0;0
404;5;1;0;0
404;6;1;1;1
404;6;1;1;0
405;2;1;1;0
405;1;1;0;0
405;1;1;0;0
405;1;1;0;0
405;1;1;0;0
405;1;1;0;0
405;1;1;0;0
405;1;1;0;0
405;1;1;0;0
405;4;1;0;0
405;3;1;1;1
405;5;1;1;0
406;1;1;0;0
406;4;1;0;0
406;4;1;0;0
406;4;1;0;0
406;4;1;0;0
406;4;1;0;0
406;4;1;0;0
406;4;1;0;0
406;4;1;0;0
406;4;1;0;0
406;3;1;1;0
406;3;1;1;0
406;3;1;0;0
406;3;1;0;0
406;3;1;0;0
406;1;1;0;0
406;3;1;0;0
406;3;1;1;0
406;1;1;0;0
406;1;1;0;0
406;2;1;1;1
406;2;1;0;0
406;2;1;0;0
406;2;1;1;1
406;3;1;0;0
406;3;1;0;0
406;1;1;0;0
406;1;1;0;0
406;6;1;1;1
406;3;1;1;0
407;1;1;0;0
407;4;1;0;0
407;2;1;0;0
407;1;1;0;0
407;4;1;0;0
407;1;1;0;0
407;2;1;0;0
407;2;1;0;0
407;6;1;1;1
408;1;1;0;0
408;1;1;0;0
408;1;1;0;0
408;5;1;1;0
408;3;1;0;0
409;2;1;0;0
409;2;1;0;0
409;1;1;0;0
409;2;1;0;0
409;2;1;0;0
409;6;1;1;1
409;4;1;1;0
409;1;1;0;0
409;6;1;0;0
409;1;1;0;0
409;6;1;1;0
409;6;1;1;0
409;6;1;1;1
409;1;1;0;0
409;6;1;1;1
409;6;1;0;0
409;1;1;1;0
409;6;1;1;1
409;5;1;1;0
409;2;1;0;0
409;1;1;0;0
409;6;1;1;1
409;6;1;1;1
409;4;1;1;0
409;1;1;0;0
409;2;1;0;0
409;1;1;0;0
409;1;1;0;0
409;2;1;1;1
409;1;1;0;0
410;1;1;0;0
410;1;1;1;1
410;2;1;1;0
410;5;1;1;1
410;2;1;0;0
410;1;1;0;0
410;1;1;1;0
410;6;1;1;1
410;5;1;1;1
411;6;1;1;0
411;6;1;0;0
411;6;1;1;0
412;5;1;0;0
412;4;1;0;0
412;6;1;0;0
413;2;1;0;0
413;2;1;0;0
413;6;1;1;1
413;1;1;0;0
413;1;1;0;0
413;5;1;1;0
413;6;1;1;0
413;5;1;0;0
413;6;1;0;0
413;5;1;1;0
413;4;1;1;0
413;4;1;0;0
413;1;1;0;0
414;2;1;0;0
414;5;1;1;0
414;5;1;0;0
414;3;1;1;1
414;5;1;0;0
414;5;1;0;0
414;3;1;1;0
415;2;1;0;0
415;6;1;0;0
415;4;1;1;0
415;5;1;0;0
415;6;1;1;0
415;1;1;0;0
416;3;1;1;1
416;6;1;1;0
416;5;1;0;0
416;3;1;1;1
416;1;1;0;0
416;2;1;0;0
416;3;1;1;1
416;6;1;1;0
416;2;1;0;0
416;3;1;1;0
417;6;1;1;0
417;5;1;0;0
417;6;1;0;0
418;6;1;1;0
418;5;1;0;0
419;1;1;0;0
419;6;1;1;0
419;4;1;1;0
419;4;1;0;0
419;6;1;1;0
419;2;1;0;0
419;1;1;0;0
420;1;1;0;0
420;5;1;1;0
420;6;1;1;0
420;5;1;1;0
420;5;1;0;0
420;2;1;0;0
420;6;1;1;0
421;6;1;0;0
421;5;1;1;0
421;5;1;0;0
421;2;1;0;0
421;3;1;0;0
421;6;1;1;0
422;6;1;0;0
422;5;1;0;0
422;1;1;0;0
422;5;1;1;1
422;6;1;0;0
423;2;1;1;1
423;2;1;0;0
423;5;1;1;0
423;5;1;0;0
423;5;1;0;0
423;2;1;1;1
423;1;1;1;1
423;2;1;1;1
423;6;1;1;0
423;2;1;1;1
424;6;1;1;0
424;2;1;0;0
424;6;1;1;0
424;5;1;0;0
424;4;1;1;1
424;4;1;0;0
424;4;1;0;0
424;6;1;1;0
425;1;1;0;0
425;6;1;0;0
425;5;1;0;0
425;6;1;1;0
426;1;1;0;0
426;5;1;0;0
426;5;1;0;0
426;2;1;0;0
426;1;1;0;0
426;1;1;0;0
426;1;1;0;0
426;2;1;0;0
426;1;1;0;0
426;1;1;0;0
426;1;1;0;0
426;5;1;0;0
426;5;1;1;1
426;2;1;1;1
426;5;1;1;1
426;5;1;0;0
427;2;1;1;0
427;1;1;0;0
427;4;1;1;0
427;2;1;0;0
427;2;1;0;0
427;3;1;0;0
427;2;1;1;0
427;1;1;0;0
427;1;1;0;0
427;3;1;0;0
427;1;1;0;0
427;3;1;0;0
427;4;1;1;1
427;1;1;1;0
427;3;1;0;0
427;1;1;0;0
427;3;1;1;0
427;1;1;0;0
427;1;1;0;0
427;2;1;0;0
427;1;1;0;0
427;4;1;1;0
427;4;1;1;0
427;1;1;0;0
428;3;1;0;0
428;3;1;1;0
428;3;1;0;0
428;4;1;1;1
428;5;1;1;0
428;5;1;1;0
428;5;1;1;1
428;3;1;1;0
428;3;1;1;0
428;3;1;1;0
428;3;1;1;0
428;3;1;1;0
428;3;1;1;0
428;3;1;1;0
428;3;1;1;0
428;3;1;1;0
428;1;1;0;0
429;2;1;0;0
429;5;1;1;0
429;4;1;1;0
429;2;1;0;0
429;5;1;1;0
429;5;1;1;0
429;5;1;1;0
429;2;1;0;0
429;4;1;1;1
429;4;1;1;0
429;1;1;0;0
429;1;1;0;0
429;1;1;0;0
429;5;1;1;0
429;3;1;0;0
429;1;1;0;0
429;5;1;1;0
429;4;1;1;0
429;2;1;0;0
429;2;1;1;0
430;1;1;1;0
430;2;1;0;0
430;2;1;0;0
430;3;1;0;0
430;3;1;0;0
430;1;1;0;0
430;3;1;0;0
430;3;1;1;0
430;2;1;1;1
430;2;1;0;0
430;6;1;1;0
430;4;1;1;1
430;2;1;0;0
430;1;1;0;0
430;1;1;0;0
430;1;1;0;0
431;2;1;0;0
431;4;1;0;0
431;1;1;0;0
431;1;1;0;0
431;1;1;0;0
431;1;1;0;0
431;5;1;1;1
431;1;1;0;0
431;1;1;0;0
431;5;1;1;1
431;1;1;0;0
431;1;1;0;0
431;1;1;0;0
431;1;1;0;0
431;2;1;0;0
431;1;1;0;0
432;6;1;1;1
432;6;1;1;1
432;1;1;0;0
432;1;1;0;0
432;1;1;0;0
432;1;1;0;0
432;1;1;0;0
432;1;1;0;0
433;5;1;1;0
433;5;1;1;0
433;3;1;1;0
433;3;1;1;0
433;3;1;1;0
433;3;1;1;0
433;3;1;1;0
433;3;1;1;0
433;3;1;1;0
433;3;1;1;0
433;3;1;1;0
433;3;1;1;0
433;3;1;1;0
433;5;1;1;1
433;5;1;1;0
433;5;1;1;1
434;2;1;0;0
434;2;1;0;0
434;5;1;1;0
434;4;1;0;0
434;4;1;0;0
434;6;1;0;0
434;4;1;0;0
434;3;1;0;0
434;2;1;1;0
434;1;1;1;0
434;1;1;0;0
434;1;1;0;0
434;3;1;1;1
434;4;1;1;0
434;5;1;1;0
434;3;1;1;1
434;1;1;0;0
434;4;1;0;0
434;4;1;0;0
434;3;1;1;0
434;2;1;0;0
434;1;1;0;0
434;2;1;0;0
434;1;1;0;0
434;5;1;1;0
434;4;1;0;0
435;3;1;1;0
435;3;1;1;0
435;3;1;1;0
435;5;1;1;0
435;5;1;1;0
435;5;1;1;0
435;3;1;1;1
435;3;1;0;0
435;5;1;1;0
435;5;1;1;0
435;5;1;1;1
435;5;1;1;0
435;5;1;1;0
435;1;1;1;0
435;5;1;1;0
435;5;1;1;0
435;1;1;0;0
435;1;1;1;0
435;1;1;1;0
435;3;1;1;0
435;3;1;1;0
435;3;1;1;0
435;3;1;1;0
435;3;1;1;0
435;3;1;1;0
435;3;1;1;0
435;5;1;1;0
435;1;1;0;0
435;1;1;0;0
436;1;1;0;0
436;2;1;0;0
436;5;1;1;0
436;1;1;0;0
436;4;1;0;0
436;4;1;0;0
436;4;1;0;0
436;2;1;0;0
436;3;1;1;0
436;3;1;0;0
436;4;1;1;1
436;1;1;0;0
436;1;1;0;0
436;5;1;1;0
436;5;1;1;0
436;5;1;1;0
436;5;1;1;1
436;3;1;1;0
436;1;1;0;0
436;1;1;0;0
436;1;1;0;0
436;1;1;0;0
436;3;1;1;0
436;3;1;1;0
436;3;1;0;0
436;3;1;1;0
436;3;1;0;0
436;3;1;1;0
436;3;1;0;0
436;3;1;1;0
436;2;1;1;0
436;3;1;0;0
436;1;1;0;0
436;1;1;0;0
437;1;1;0;0
437;1;1;0;0
437;2;1;1;0
437;6;1;1;0
437;3;1;0;0
437;3;1;0;0
437;5;1;1;0
437;3;1;0;0
437;1;1;0;0
437;3;1;1;1
437;1;1;0;0
437;4;1;0;0
437;6;1;1;0
437;4;1;1;1
437;1;1;0;0
437;1;1;1;0
437;2;1;0;0
437;4;1;0;0
437;1;1;0;0
437;5;1;1;0
438;2;1;0;0
438;2;1;0;0
438;2;1;0;0
438;1;1;0;0
438;5;1;1;0
438;2;1;0;0
438;3;1;0;0
438;6;1;1;0
438;2;1;0;0
438;2;1;0;0
438;5;1;1;1
438;5;1;1;0
438;5;1;1;0
438;2;1;0;0
438;1;1;0;0
438;5;1;0;0
438;1;1;0;0
438;1;1;0;0
438;1;1;0;0
438;1;1;0;0
438;1;1;0;0
438;1;1;0;0
438;1;1;0;0
438;1;1;0;0
438;1;1;0;0
438;1;1;0;0
438;1;1;0;0
439;4;1;0;0
439;1;1;0;0
439;4;1;0;0
439;4;1;0;0
439;4;1;0;0
439;6;1;1;0
439;2;1;1;0
439;3;1;0;0
439;2;1;0;0
439;6;1;1;0
439;2;1;0;0
439;1;1;0;0
439;2;1;0;0
439;2;1;0;0
439;4;1;0;0
439;1;1;1;0
440;3;1;1;1
440;1;1;0;0
440;1;1;0;0
440;1;1;0;0
440;5;1;0;0
440;3;1;1;0
440;2;1;1;1
440;4;1;0;0
441;6;1;1;1
441;5;1;0;0
441;6;1;0;0
441;1;1;0;0
441;6;1;0;0
441;1;1;0;0
441;3;1;1;0
441;5;1;0;0
441;6;1;0;0
441;1;1;1;0
441;3;1;1;0
441;4;1;0;0
441;2;1;0;0
441;1;1;0;0
441;5;1;0;0
441;5;1;0;0
441;1;1;0;0
442;4;1;0;0
442;6;1;1;1
442;3;1;1;0
442;1;1;0;0
442;1;1;0;0
442;3;1;0;0
442;2;1;0;0
442;3;1;1;0
442;1;1;0;0
442;4;1;1;1
442;1;1;0;0
442;4;1;0;0
442;3;1;0;0
442;5;1;1;0
442;1;1;0;0
442;3;1;0;0
442;3;1;1;0
442;3;1;1;0
443;1;1;0;0
443;1;1;0;0
443;5;1;1;1
443;5;1;1;0
443;5;1;1;0
443;2;1;0;0
443;2;1;1;0
443;5;1;1;1
443;5;1;1;0
443;2;1;0;0
443;3;1;1;0
443;1;1;0;0
443;1;1;0;0
443;1;1;0;0
443;1;1;1;0
444;6;1;1;1
444;5;1;0;0
444;1;1;1;0
444;1;1;0;0
444;1;1;0;0
444;6;1;0;0
444;4;1;0;0
445;1;1;0;0
445;3;1;1;0
445;5;1;1;0
445;6;1;1;1
445;3;1;1;0
445;1;1;1;0
445;2;1;1;0
445;2;1;0;0
445;5;1;1;0
445;5;1;1;1
445;2;1;1;0
445;6;1;1;0
445;5;1;1;0
445;1;1;1;0
445;2;1;1;0
445;6;1;1;0
445;1;1;1;0
445;1;1;0;0
445;1;1;0;0
445;1;1;1;0
445;1;1;1;0
446;6;1;1;0
446;5;1;1;1
446;3;1;1;0
446;2;1;1;1
446;6;1;1;1
446;1;1;0;0
446;6;1;1;0
446;1;1;0;0
446;1;1;0;0
447;3;1;1;1
447;5;1;0;0
447;3;1;0;0
447;1;1;0;0
447;2;1;1;0
447;1;1;1;0
447;3;1;0;0
447;5;1;1;0
447;1;1;0;0
448;1;1;0;0
448;6;1;1;1
448;1;1;1;0
448;2;1;0;0
448;1;1;0;0
448;1;1;0;0
448;2;1;0;0
448;3;1;1;0
448;2;1;0;2
448;3;1;1;0
448;4;1;1;0
448;3;1;1;0
449;6;1;1;1
449;1;1;1;0
449;2;1;0;0
449;2;1;0;0
449;2;1;0;0
449;3;1;0;0
449;1;1;1;0
449;4;1;1;0
450;1;1;0;0
450;2;1;0;0
450;1;1;0;0
450;2;1;0;0
450;2;1;0;0
450;5;1;0;0
450;1;1;0;0
450;2;1;0;0
451;2;1;1;1
451;1;1;0;0
451;3;1;1;0
451;1;1;0;0
451;4;1;1;1
451;4;1;1;0
451;3;1;1;0
451;4;1;1;0
451;4;1;1;0
451;5;1;1;0
451;4;1;0;0
451;2;1;0;0
451;2;1;0;0
451;3;1;0;0
451;6;1;1;0
451;3;1;0;0
451;3;1;0;0
451;1;1;0;0
451;2;1;0;0
451;1;1;0;0
451;2;1;0;0
451;1;1;1;0
451;1;1;1;0
451;1;1;1;0
452;6;1;1;1
452;2;1;0;0
452;3;1;0;0
453;6;1;1;0
453;5;1;1;0
453;6;1;1;0
453;5;1;1;0
453;6;1;1;0
453;6;1;1;1
453;1;1;0;0
453;5;1;1;0
453;5;1;1;0
453;2;1;0;0
454;1;1;0;0
454;1;1;0;0
454;2;1;1;0
454;3;1;0;0
454;3;1;1;1
454;2;1;1;1
454;1;1;0;0
454;3;1;1;1
454;1;1;0;0
454;1;1;0;0
454;2;1;1;0
454;2;1;0;0
454;2;1;0;0
454;1;1;0;0
454;3;1;1;1
454;2;1;0;0
454;2;1;1;0
454;3;1;0;0
455;2;1;0;0
455;3;1;0;0
455;1;1;0;0
455;1;1;0;0
455;2;1;0;0
455;2;1;0;0
455;2;1;0;0
455;2;1;0;0
455;2;1;0;0
455;4;1;0;0
455;1;1;0;0
455;3;1;0;0
455;3;1;0;0
455;4;1;0;0
455;1;1;0;0
455;2;1;0;0
455;3;1;1;1
455;3;1;0;0
455;2;1;0;0
455;1;1;1;0
456;4;1;0;0
456;1;1;0;0
456;4;1;0;0
456;2;1;0;0
456;3;1;0;0
456;1;1;0;0
456;1;1;0;0
456;1;1;0;0
456;4;1;1;1
456;1;1;0;0
456;1;1;0;0
456;1;1;0;0
456;1;1;0;0
456;4;1;0;0
456;1;1;0;0
456;2;1;0;0
456;2;1;0;0
456;1;1;0;0
456;4;1;0;0
456;4;1;1;1
456;1;1;0;0
457;2;1;0;0
457;2;1;1;0
457;1;1;0;0
457;1;1;0;0
457;4;1;1;0
457;1;1;0;0
457;1;1;0;0
457;1;1;0;0
457;1;1;0;0
457;1;1;0;0
457;3;1;0;0
457;3;1;0;0
457;4;1;1;0
457;5;1;1;1
457;4;1;0;0
457;1;1;0;0
457;1;1;0;0
458;4;1;1;0
458;1;1;0;0
458;2;1;0;0
458;3;1;1;0
458;4;1;1;0
458;1;1;1;0
458;3;1;1;0
458;5;1;1;0
458;4;1;1;0
458;4;1;0;0
458;5;1;1;0
458;1;1;0;0
458;3;1;1;0
458;4;1;1;0
458;1;1;0;0
459;5;1;1;1
459;1;1;0;0
459;5;1;1;1
459;1;1;0;0
459;1;1;1;1
459;1;1;0;0
459;1;1;0;0
460;4;1;1;0
460;4;1;1;0
460;6;1;1;0
461;2;1;0;0
461;1;1;0;0
461;1;1;0;0
461;1;1;0;0
461;1;1;1;0
461;1;1;1;0
461;2;1;0;0
461;1;1;0;0
461;1;1;0;0
461;1;1;0;0
461;2;1;0;0
461;5;1;0;0
461;5;1;0;0
461;2;1;0;0
461;5;1;1;1
461;2;1;0;0
462;3;1;0;0
462;2;1;0;0
462;3;1;0;0
462;1;1;0;0
462;2;1;0;0
462;4;1;0;0
462;4;1;1;0
462;3;1;1;0
462;1;1;0;0
462;1;1;0;0
462;1;1;0;0
462;2;1;0;0
462;2;1;0;0
462;5;1;0;0
462;1;1;0;0
462;5;1;0;0
462;2;1;0;0
462;2;1;1;0
462;1;1;0;0
462;3;1;1;0
462;1;1;0;0
462;2;1;0;0
462;1;1;0;0
462;1;1;0;0
462;2;1;0;0
462;4;1;0;0
462;6;1;0;0
462;5;1;1;1
463;1;1;1;0
463;1;1;0;0
463;1;1;0;0
463;4;1;0;0
463;4;1;1;1
463;1;1;0;0
463;4;1;0;0
463;5;1;1;0
463;1;1;1;0
463;5;1;1;0
463;1;1;1;0
463;5;1;1;0
463;1;1;0;0
463;1;1;1;0
464;1;1;0;0
464;1;1;0;0
464;2;1;0;0
464;3;1;1;0
464;4;1;0;0
464;2;1;0;0
464;2;1;0;0
464;4;1;1;0
464;2;1;0;0
464;2;1;0;0
464;2;1;0;0
464;2;1;0;0
464;1;1;0;0
465;4;1;0;0
465;1;1;0;0
465;1;1;0;0
465;3;1;1;0
465;1;1;0;0
465;4;1;0;0
465;5;1;1;1
465;1;1;0;0
465;1;1;0;0
465;4;1;0;0
465;5;1;1;0
465;1;1;0;0
465;1;1;0;0
465;1;1;0;0
465;4;1;0;0
465;1;1;0;0
466;2;1;0;0
466;1;1;1;1
466;1;1;0;0
466;5;1;1;1
466;1;1;1;0
466;1;1;0;0
467;1;1;1;0
467;4;1;1;1
467;4;1;1;1
467;1;1;1;1
467;2;1;1;1
467;3;1;1;1
467;1;1;0;0
467;6;1;1;1
467;1;1;1;1
467;1;1;1;0
467;1;1;1;1
467;4;1;1;1
467;6;1;1;1
468;6;1;0;0
468;3;1;0;0
468;6;1;1;1
468;3;1;0;0
469;1;1;0;0
469;1;1;0;0
469;1;1;0;0
469;3;1;0;0
469;2;1;0;0
469;5;1;0;0
469;2;1;0;0
470;2;1;0;0
470;4;1;0;0
470;2;1;0;0
470;1;1;0;0
470;1;1;0;0
470;3;1;0;0
470;2;1;0;0
470;2;1;0;0
470;2;1;0;0
470;1;1;0;0
471;3;1;0;0
471;3;1;0;0
471;2;1;0;0
472;4;1;0;0
472;3;1;0;0
472;2;1;0;0
472;2;1;0;0
472;3;1;0;0
472;6;1;1;1
472;3;1;0;0
473;2;1;0;0
473;2;1;0;0
473;5;1;0;0
473;6;1;1;1
473;2;1;0;0
474;1;1;0;0
474;4;1;0;0
474;4;1;0;0
474;4;1;1;0
474;6;1;1;1
474;4;1;0;0
475;3;1;0;0
475;5;1;0;0
475;6;1;1;1
476;3;1;0;0
476;4;1;0;0
476;2;1;0;0
476;1;1;0;0
477;3;1;0;0
477;3;1;0;0
477;3;1;0;0
477;3;1;0;0
477;2;1;0;0
477;3;1;0;0
477;3;1;0;0
477;3;1;0;0
477;2;1;0;0
477;2;1;0;0
477;2;1;0;0
478;2;1;0;0
478;3;1;0;0
478;2;1;0;0
478;2;1;0;0
479;6;1;0;0
479;6;1;0;0
479;6;1;0;0
479;6;1;0;0
479;1;1;0;0
479;1;1;0;0
479;1;1;0;0
479;1;1;0;0
479;1;1;0;0
479;1;1;0;0
479;1;1;0;0
479;1;1;0;0
479;1;1;0;0
479;1;1;0;0
479;1;1;0;0
479;1;1;0;0
479;1;1;0;0
479;1;1;0;0
479;1;1;0;0
479;1;1;0;0
479;1;1;0;0
479;1;1;0;0
479;1;1;0;0
479;1;1;0;0
479;1;1;0;0
479;1;1;0;0
479;1;1;0;0
479;1;1;0;0
479;1;1;0;0
479;1;1;0;0
479;1;1;0;0
479;1;1;0;0
479;1;1;0;0
479;1;1;0;0
479;6;1;0;0
480;3;1;0;0
480;4;1;0;0
480;6;1;1;1
480;4;1;0;0
481;2;1;0;0
481;5;1;0;0
481;6;1;1;1
481;5;1;0;0
482;3;1;0;0
482;2;1;0;0
482;2;1;0;0
482;2;1;0;0
482;2;1;0;0
482;4;1;0;0
482;2;1;0;0
482;2;1;1;0
482;2;1;0;0
482;4;1;1;0
482;1;1;0;0
482;2;1;0;0
482;2;1;0;0
482;2;1;0;0
482;3;1;1;0
483;3;1;0;0
483;2;1;0;0
483;1;1;0;0
483;2;1;0;0
483;2;1;0;0
483;1;0;1;0
483;3;1;0;0
483;1;1;0;0
483;1;1;0;0
483;4;1;0;0
483;2;1;0;0
483;3;1;0;0
483;1;1;0;0
483;4;1;0;0
483;1;1;1;0
484;1;1;0;0
484;1;1;0;0
484;5;1;1;0
484;1;1;0;0
484;1;1;0;0
484;2;1;0;0
484;3;1;0;0
484;1;1;0;0
484;2;1;0;0
484;5;1;1;0
485;2;1;0;0
485;2;1;0;0
485;4;1;0;0
485;3;1;0;0
485;5;1;1;1
485;2;1;0;0
485;1;1;0;0
485;2;1;0;0
485;2;1;1;1
485;4;1;1;0
485;3;1;1;0
486;2;1;0;0
486;1;1;0;0
486;2;1;0;0
486;5;1;0;0
486;2;1;0;0
486;2;1;0;0
486;1;1;0;0
486;2;1;0;0
486;3;1;0;0
486;4;1;0;0
486;2;1;0;0
486;1;1;0;0
486;2;1;0;0
486;2;1;0;0
486;2;1;0;0
486;2;1;0;0
486;5;1;0;0
486;5;1;0;0
486;5;1;1;1
486;3;1;0;0
486;1;1;0;0
487;1;1;0;0
487;1;1;0;0
487;1;1;0;0
487;6;1;1;1
488;1;1;0;0
488;1;1;0;0
488;1;1;0;0
488;2;1;0;0
488;6;1;1;1
489;1;1;0;0
489;4;1;0;0
489;2;1;0;0
489;2;1;0;0
489;1;1;0;0
489;1;1;0;0
489;1;1;0;0
489;1;1;0;0
489;2;1;0;0
489;3;1;0;0
489;6;1;1;1
489;4;1;0;0
489;3;1;0;0
490;2;1;0;0
490;3;1;0;0
490;1;1;0;0
490;3;1;0;0
490;4;1;0;0
490;4;1;0;0
490;3;1;0;0
490;3;1;0;0
490;2;1;0;0
490;5;1;0;0
490;4;1;0;0
490;3;1;0;0
490;2;1;1;0
490;2;1;0;0
490;3;1;1;1
490;2;1;0;0
491;1;1;0;0
491;1;1;0;0
491;5;1;1;0
491;5;1;1;1
491;2;1;0;0
491;1;1;0;0
491;1;1;0;0
491;2;1;1;0
491;2;1;0;0
491;2;1;0;0
491;1;1;0;0
491;3;1;0;0
491;1;1;0;0
491;2;1;1;0
491;1;1;0;0
491;2;1;0;0
492;5;1;1;0
492;4;1;1;0
492;2;1;0;0
492;1;1;0;0
492;1;1;0;0
492;1;1;0;0
492;3;1;0;0
492;5;1;1;0
492;5;1;1;0
492;3;1;1;0
492;2;1;0;0
492;2;1;0;0
492;2;1;0;0
492;3;1;0;0
492;2;1;0;0
492;2;1;0;0
492;2;1;0;0
492;5;1;1;0
492;5;1;1;0
492;3;1;0;0
493;4;1;1;0
493;4;1;1;0
493;1;1;0;0
493;2;1;0;0
493;3;1;0;0
493;2;1;0;0
493;2;1;0;0
493;2;1;0;0
493;4;1;1;0
493;4;1;1;0
493;3;1;0;0
493;2;1;0;0
493;3;1;0;0
493;3;1;0;0
493;4;1;0;0
493;2;1;0;0
493;3;1;0;0
493;3;1;0;0
493;3;1;0;0
493;3;1;0;0
493;4;1;1;1
493;4;1;0;0
494;5;1;1;0
494;6;1;1;0
494;6;1;1;0
494;6;1;1;1
494;6;1;1;0
494;6;1;1;0
494;1;1;0;0
494;1;1;0;0
495;3;1;1;0
495;6;1;1;1
495;4;1;1;0
496;6;1;0;0
496;6;1;0;0
496;6;1;0;0
496;4;1;0;0
496;6;1;0;0
496;6;1;0;0
496;6;1;1;1
496;3;1;0;0
496;5;1;0;0
496;4;1;0;0
496;3;1;0;0
496;6;1;0;0
497;6;1;0;0
497;6;1;0;0
497;6;1;0;0
497;3;1;0;0
497;6;1;0;0
497;5;1;1;1
497;6;1;0;0
497;3;1;0;0
497;3;1;0;0
497;6;1;0;0
498;6;1;0;0
498;6;1;0;0
498;4;1;0;0
498;6;1;0;0
498;4;1;0;0
498;6;1;0;0
498;6;1;1;1
498;4;1;0;0
498;4;1;0;0
498;3;1;0;0
498;3;1;0;0
498;6;1;0;0
499;6;1;0;0
499;6;1;0;0
499;6;1;0;0
499;6;1;0;0
499;6;1;0;0
499;6;1;0;0
499;6;1;0;0
499;6;1;0;0
499;5;1;0;0
499;6;1;0;0
500;4;1;0;0
500;6;1;0;0
500;6;1;1;1
500;4;1;0;0
500;6;1;0;0
500;6;1;0;0
500;5;1;0;0
500;4;1;0;0
501;4;1;0;0
501;6;1;0;0
501;4;1;0;0
501;3;1;0;0
501;6;1;0;0
501;4;1;0;0
501;6;1;0;0
501;6;1;0;0
501;4;1;0;0
501;6;1;1;1
501;1;1;0;0
501;4;1;0;0
501;6;1;0;0
501;6;1;0;0
501;4;1;0;0
501;6;1;0;0
501;6;1;0;0
501;4;1;0;0
501;6;1;0;0
501;4;1;0;0
501;6;1;0;0
502;6;1;0;0
502;4;1;0;0
502;4;1;0;0
502;4;1;0;0
502;1;1;0;0
502;3;1;0;0
502;4;1;0;0
502;4;1;0;0
502;5;1;0;0
502;4;1;0;0
502;4;1;0;0
502;6;1;0;0
503;6;1;0;0
503;6;1;0;0
503;6;1;0;0
503;4;1;0;0
503;6;1;0;0
503;6;1;0;0
503;6;1;0;0
503;4;1;0;0
503;6;1;0;0
504;6;1;0;0
504;6;1;0;0
504;6;1;0;0
504;6;1;0;0
504;6;1;0;0
504;6;1;0;0
504;3;1;0;0
504;6;1;0;0
504;6;1;1;1
504;3;1;0;0
504;3;1;0;0
504;3;1;0;0
504;6;1;0;0
505;6;1;0;0
505;6;1;0;0
505;6;1;0;0
505;4;1;0;0
505;6;1;0;0
505;6;1;0;0
505;6;1;1;1
505;1;1;0;0
505;5;1;0;0
506;6;1;0;0
506;6;1;0;0
506;6;1;0;0
506;6;1;0;0
506;6;1;0;0
506;6;1;0;0
506;6;1;1;1
506;4;1;0;0
506;3;1;0;0
506;6;1;0;0
507;6;1;0;0
507;6;1;0;0
507;6;1;0;0
507;2;1;0;0
507;6;1;0;0
507;6;1;0;0
507;5;1;0;0
507;5;1;0;0
507;6;1;0;0
507;5;1;0;0
507;6;1;1;1
507;3;1;0;0
507;5;1;0;0
507;5;1;0;0
507;5;1;0;0
507;5;1;0;0
507;5;1;0;0
507;6;1;0;0
508;4;1;0;0
508;5;1;0;0
508;5;1;0;0
508;5;1;1;1
508;5;1;0;0
508;5;1;0;0
508;4;1;0;0
508;3;1;0;0
508;4;1;0;0
508;5;1;0;0
509;6;1;1;1
510;6;1;1;1
510;1;1;0;0
511;6;1;1;1
511;2;1;0;0
511;2;1;0;0
511;3;1;0;0
511;1;1;0;0
511;2;1;0;0
511;3;1;0;0
512;6;1;1;1
512;2;1;0;0
512;4;1;0;0
512;4;1;0;0
512;3;1;0;0
513;6;1;1;1
513;3;1;0;0
513;6;1;1;0
514;5;1;0;0
514;2;1;0;0
514;2;1;1;0
514;2;1;0;0
514;2;1;0;0
514;5;1;0;0
515;5;1;1;0
515;5;1;1;0
516;5;1;1;0
516;5;1;1;0
517;6;1;1;1
517;5;1;0;0
517;5;1;0;0
518;6;1;1;1
518;5;1;0;0
518;3;1;0;0
518;1;1;0;0
518;2;1;0;0
518;5;1;0;0
518;2;1;0;0
518;3;1;0;0
518;3;1;0;0
518;3;1;0;0
518;2;1;0;0
518;3;1;0;0
518;3;1;0;0
518;5;1;0;0
518;5;1;0;0
518;5;1;0;0
518;5;1;0;0
518;1;1;0;0
519;6;1;1;1
519;3;1;0;0
520;4;1;0;0
520;1;1;0;0
520;5;1;1;1
521;6;1;1;0
522;5;1;1;0
522;5;1;1;0
523;5;1;1;0
523;5;1;1;0
524;2;1;0;0
524;3;1;1;0
524;2;1;0;0
524;3;1;1;0
524;3;1;0;0
524;2;1;0;0
524;2;1;1;0
524;6;1;1;1
524;2;1;0;0
524;3;1;1;0
524;1;1;0;0
525;5;1;1;0
525;6;1;1;1
525;5;1;1;0
526;4;1;1;1
526;2;1;0;0
526;4;1;1;0
526;4;1;1;1
526;4;1;1;0
526;2;1;1;0
526;2;1;0;0
526;4;1;1;0
526;6;1;1;1
526;4;1;1;0
526;2;1;0;0
526;3;1;1;1
526;4;1;1;1
526;2;1;0;0
527;4;1;1;1
527;5;1;1;1
527;5;1;1;1
527;5;1;1;0
527;4;1;0;0
527;5;1;1;0
527;2;1;0;0
527;2;1;0;0
527;4;1;1;1
527;6;1;1;1
527;4;1;0;0
527;4;1;0;0
527;4;1;0;0
527;4;1;0;0
527;5;1;1;1
527;4;1;0;0
527;5;1;0;0
528;2;1;0;0
528;2;1;0;0
528;2;1;0;0
528;2;1;1;0
528;2;1;1;0
528;2;1;0;0
528;2;1;1;0
528;6;1;1;1
528;1;1;0;0
528;2;1;1;0
528;2;1;0;0
528;4;1;1;0
528;2;1;0;0
528;4;1;1;0
528;2;1;0;0
528;1;1;0;0
528;2;1;1;0
528;2;1;0;0
528;2;1;0;0
528;2;1;1;0
528;2;1;0;0
528;3;1;1;0
529;6;1;1;1
529;6;1;1;1
530;3;1;1;0
530;3;1;1;0
530;4;1;0;0
530;3;1;1;0
530;4;1;0;0
530;3;1;1;0
530;6;1;1;1
530;4;1;0;0
530;3;1;1;0
530;3;1;1;0
530;4;1;0;0
531;5;1;1;1
531;6;1;1;1
531;2;1;0;0
531;2;1;0;0
532;3;1;1;0
532;3;1;1;0
532;6;1;1;1
532;4;1;1;0
533;2;1;0;0
533;2;1;0;0
533;6;1;1;1
533;2;1;1;0
533;2;1;1;0
533;3;1;1;0
533;3;1;1;0
533;2;1;1;0
533;3;1;1;0
533;2;1;0;0
533;2;1;0;0
533;2;1;1;0
533;2;1;0;0
533;2;1;1;0
533;2;1;1;0
533;2;1;1;0
533;2;1;1;0
533;3;1;1;0
534;2;1;0;0
534;6;1;1;1
534;2;1;0;0
534;2;1;1;0
534;6;1;1;1
534;2;1;1;0
534;2;1;1;0
534;4;1;1;0
534;3;1;1;0
534;2;1;1;0
534;3;1;1;0
534;2;1;0;0
534;2;1;0;0
534;2;1;1;0
534;2;1;0;0
534;6;1;1;1
534;2;1;0;0
534;2;1;1;0
534;2;1;1;0
534;2;1;1;0
534;3;1;1;0
535;6;1;1;1
535;6;1;1;1
535;6;1;1;1
536;3;1;1;0
536;3;1;1;0
536;3;1;1;0
536;2;1;1;0
536;2;1;1;0
536;6;1;1;1
536;2;1;1;0
536;2;1;0;0
536;2;1;1;0
536;2;1;0;0
536;6;1;1;1
536;6;1;1;1
536;2;1;0;0
536;3;1;1;0
536;2;1;1;0
536;2;1;1;0
537;6;1;1;1
538;3;1;1;0
538;3;1;1;1
538;3;1;1;0
538;3;1;1;0
538;3;1;1;1
538;3;1;1;0
538;6;1;1;1
539;4;1;1;1
539;1;1;0;0
539;6;1;1;1
540;4;1;1;0
540;4;1;1;0
540;4;1;1;0
540;4;1;1;0
540;4;1;1;0
540;4;1;1;0
540;6;1;1;1
541;6;1;1;1
542;3;1;1;0
542;6;1;1;1
543;4;1;1;0
543;6;1;1;1
544;5;1;1;1
544;5;1;1;1
544;6;1;1;1
545;3;1;1;0
545;3;1;1;1
545;1;1;0;0
545;1;1;0;0
545;3;1;1;1
545;3;1;1;1
545;3;1;1;1
545;3;1;1;0
545;3;1;1;1
545;3;1;1;0
545;3;1;1;1
545;6;1;1;1
546;6;1;1;1
547;5;1;1;1
547;5;1;1;1
547;6;1;1;1
548;4;1;1;0
548;4;1;1;0
548;4;1;1;0
548;4;1;1;0
548;4;1;1;0
548;4;1;1;0
548;6;1;1;1
549;2;1;0;0
549;4;1;1;0
549;6;1;1;1
550;6;1;1;1
551;6;1;1;1
551;6;1;1;1
551;6;1;1;1
551;6;1;1;1
551;6;1;1;1
551;6;1;1;1
551;6;1;1;1
551;6;1;1;1
551;6;1;1;1
552;1;1;1;0
552;1;1;0;0
552;6;1;1;1
552;1;1;0;0
553;4;1;1;0
553;6;1;1;0
553;3;1;0;0
553;4;1;0;0
553;1;1;0;0
554;2;1;0;0
554;4;1;1;0
554;2;1;1;0
554;1;1;0;0
554;2;1;1;0
554;2;1;0;0
554;2;1;1;0
554;2;1;0;0
554;4;1;1;0
554;2;1;1;0
554;1;1;0;0
554;1;1;0;0
554;1;1;0;0
554;5;1;1;0
554;1;1;0;0
554;4;1;0;0
554;2;1;1;0
554;2;1;0;0
554;2;1;0;0
554;2;1;0;0
554;2;1;0;0
554;1;1;0;0
554;1;1;0;0
554;1;1;0;0
554;4;1;0;0
554;2;1;0;0
554;2;1;0;0
554;2;1;0;0
554;4;1;0;0
554;2;1;0;0
554;2;1;0;0
554;3;1;1;1
554;4;1;0;0
554;1;1;0;0
554;3;1;0;0
554;2;1;0;0
554;4;1;0;0
554;1;1;0;0
555;1;1;1;0
555;3;1;1;0
555;2;1;1;0
555;4;1;1;0
555;2;1;1;0
555;2;1;1;0
555;1;1;1;0
555;2;1;1;0
555;2;1;1;0
555;2;1;1;0
555;2;1;1;0
555;5;1;1;0
555;4;1;0;0
555;1;1;0;0
555;4;1;0;0
555;2;1;0;0
555;1;1;0;0
555;1;1;0;0
555;2;1;0;0
555;3;1;0;0
555;2;1;1;0
555;3;1;0;0
555;1;1;0;0
555;1;1;0;0
555;2;1;0;0
555;2;1;0;0
555;2;1;0;0
555;1;1;0;0
555;1;1;0;0
555;2;1;0;0
556;2;1;1;0
556;3;1;1;0
556;2;1;1;0
556;3;1;1;0
556;1;1;1;0
556;1;1;0;0
556;2;1;1;0
556;2;1;0;0
556;2;1;1;0
556;3;1;0;0
556;1;1;0;0
556;1;1;0;0
556;2;1;1;1
556;2;1;0;0
556;3;1;0;0
556;2;1;1;0
556;5;1;0;0
556;2;1;0;0
556;1;1;0;0
556;1;1;0;0
556;1;1;0;0
556;2;1;0;0
556;2;1;1;1
556;1;1;0;0
556;2;1;1;1
556;3;1;1;1
556;4;1;1;1
556;2;1;1;1
556;3;1;0;0
556;3;1;0;0
556;2;1;1;0
556;3;1;0;0
556;1;1;0;0
557;3;1;1;0
557;3;1;1;0
557;3;1;1;0
557;5;1;1;0
557;1;1;1;0
557;2;1;0;0
557;5;1;1;1
557;3;1;1;0
557;3;1;0;0
557;2;1;0;0
557;3;1;0;0
557;3;1;0;0
557;1;1;0;0
557;3;1;0;0
557;1;1;0;0
557;2;1;0;0
557;4;1;1;1
557;1;1;0;0
557;2;1;0;0
557;4;1;1;1
557;1;1;0;0
558;2;1;1;0
558;2;1;1;0
558;5;1;1;0
558;2;1;1;0
558;1;1;0;0
558;3;1;1;0
558;1;1;0;0
558;1;1;0;0
558;3;1;1;1
558;3;1;1;0
558;1;1;0;0
558;3;1;0;0
558;2;1;0;0
558;3;1;0;0
558;1;1;0;0
558;3;1;0;0
558;2;1;0;0
558;2;1;0;0
558;4;1;1;1
558;3;1;0;0
558;1;1;0;0
558;2;1;0;0
558;1;1;0;0
558;4;1;1;1
559;3;1;1;0
559;2;1;1;0
559;2;1;1;0
559;3;1;1;0
559;1;1;0;0
559;1;1;0;0
559;2;1;0;0
559;1;1;0;0
559;2;1;0;0
559;2;1;0;0
559;3;1;0;0
559;3;1;0;0
559;2;1;0;0
559;1;1;0;0
559;1;1;1;0
559;3;1;0;0
559;2;1;0;0
559;2;1;0;0
559;2;1;0;0
559;2;1;0;0
559;1;1;0;0
559;3;1;0;0
559;2;1;1;0
559;4;1;1;1
559;1;1;0;0
559;3;1;0;0
559;2;1;1;0
559;4;1;1;1
560;1;1;0;0
560;1;1;0;0
560;3;1;0;0
560;1;1;0;0
560;3;1;0;0
560;1;1;0;0
560;1;1;0;0
560;2;1;0;0
560;1;1;0;0
560;1;1;0;0
560;1;1;0;0
560;6;1;1;1
560;3;1;0;0
560;2;1;0;0
560;4;1;1;0
560;3;1;1;0
560;2;1;1;0
560;1;1;0;0
560;1;1;0;0
560;2;1;0;0
560;2;1;0;0
560;3;1;0;0
560;3;1;0;0
561;3;1;0;0
561;2;1;0;0
561;2;1;0;0
561;2;1;1;0
561;1;1;0;0
561;1;1;0;0
561;2;1;0;0
561;2;1;0;0
561;6;1;1;1
561;4;1;0;0
561;1;1;0;0
561;3;1;0;0
561;1;1;0;0
561;1;1;0;0
561;4;1;0;0
561;3;1;0;0
561;1;1;0;0
561;1;1;0;0
561;4;1;0;0
561;1;1;0;0
562;4;1;1;1
562;5;1;1;0
562;3;1;0;0
562;3;1;0;0
562;2;1;0;0
562;2;1;1;0
562;1;1;1;0
562;1;1;0;0
562;1;1;0;0
562;1;1;0;0
562;2;1;0;0
562;6;1;1;1
562;2;1;0;0
562;3;1;0;0
562;3;1;0;0
562;2;1;0;0
562;3;1;0;0
562;3;1;0;0
562;2;1;0;0
562;1;1;0;0
562;3;1;0;0
562;2;1;0;0
563;2;1;0;0
563;3;1;0;0
563;3;1;0;0
563;2;1;0;0
563;3;1;0;0
563;2;1;0;0
563;6;1;1;1
563;3;1;0;0
563;1;1;0;0
563;3;1;0;0
563;1;1;0;0
563;1;1;0;0
563;2;1;0;0
563;4;1;0;0
563;4;1;0;0
563;2;1;0;0
563;4;1;0;0
563;1;1;0;0
564;3;1;0;0
564;3;1;0;0
564;1;1;0;0
564;2;1;0;0
564;1;1;0;0
564;1;1;0;0
564;1;1;0;0
564;1;1;0;0
564;6;1;1;1
564;2;1;0;0
564;3;1;0;0
564;2;1;0;0
564;1;1;0;0
564;3;1;0;0
564;3;1;0;0
565;6;1;1;1
566;6;1;1;1
566;2;1;9;9
567;1;1;0;0
567;1;1;0;0
567;3;1;0;0
567;1;1;0;0
567;3;1;0;0
567;2;1;0;0
567;2;1;0;0
567;1;1;0;0
567;1;1;0;0
567;1;1;0;0
567;6;1;1;1
567;4;1;1;0
567;3;1;0;0
567;2;1;0;0
567;3;1;0;0
567;2;1;0;0
567;2;1;0;0
568;2;1;0;0
568;3;1;0;0
568;2;1;0;0
568;1;1;0;0
568;3;1;0;0
568;3;1;0;0
568;6;1;1;1
568;2;1;0;0
568;1;1;0;0
568;2;1;0;0
568;4;1;0;0
568;3;1;0;0
568;1;1;0;0
568;3;1;0;0
569;2;1;0;0
569;2;1;0;0
569;1;1;0;0
569;2;1;0;0
569;1;1;0;0
569;3;1;1;0
569;2;1;0;0
569;6;1;1;1
569;1;1;1;0
569;1;1;1;0
569;3;1;0;0
569;4;1;1;0
569;2;1;0;0
569;2;1;0;0
569;1;1;0;0
569;2;1;1;0
570;2;1;0;0
570;1;1;0;0
570;2;1;0;0
570;3;1;1;0
570;1;1;1;0
570;2;1;0;0
570;2;1;0;0
570;3;1;1;0
570;1;1;0;0
570;3;1;0;0
570;1;1;0;0
570;4;1;0;0
570;2;1;0;0
571;4;1;1;0
571;3;1;0;0
571;3;1;0;0
571;2;1;1;0
571;1;1;0;0
571;1;1;0;0
571;1;1;0;0
571;1;1;0;0
571;6;1;1;1
571;2;1;1;0
571;1;1;0;0
571;3;1;0;0
571;1;1;1;0
571;2;1;0;0
571;3;1;0;0
571;3;1;1;0
571;2;1;0;0
571;1;1;0;0
572;6;1;1;1
573;6;1;1;1
574;1;1;0;0
574;1;1;0;0
575;4;1;1;1
575;1;1;0;0
575;1;1;0;0
575;1;1;0;0
575;1;1;0;0
575;1;1;0;0
575;1;1;0;0
575;1;1;0;0
575;1;1;0;0
575;6;1;0;1
576;4;1;0;0
576;1;1;0;0
576;1;1;0;0
576;1;1;0;0
576;6;1;1;0
576;6;1;0;0
576;1;1;0;0
576;1;1;0;0
577;6;1;1;1
577;1;1;0;0
577;1;1;0;0
577;2;1;0;0
577;2;1;0;0
577;3;1;1;1
577;4;1;1;0
577;4;1;1;1
577;4;1;1;0
577;3;1;1;0
577;3;1;1;1
577;1;1;0;0
577;1;1;0;0
577;2;1;0;0
577;1;1;0;0
577;1;1;0;0
578;2;1;0;0
578;4;1;0;0
578;1;1;0;0
578;1;1;0;0
578;4;1;1;0
578;4;1;1;1
578;4;1;0;0
578;2;1;0;0
578;3;1;1;1
578;1;1;0;0
578;5;1;1;1
579;1;1;0;0
579;1;1;0;0
579;2;1;1;0
579;6;1;1;0
579;1;1;0;0
579;1;1;0;0
579;1;1;0;0
579;6;1;1;1
579;2;1;1;0
579;6;1;1;1
579;2;1;1;0
579;1;1;0;0
579;1;1;1;1
580;1;1;0;0
580;4;1;1;1
580;1;1;0;0
580;4;1;1;1
580;1;1;0;0
580;2;1;0;0
580;5;1;1;1
580;5;1;1;1
580;1;1;0;0
581;3;1;0;0
581;3;1;0;0
581;3;1;0;0
581;3;1;0;0
581;1;1;0;0
581;4;1;0;0
581;1;1;0;0
582;3;1;0;0
582;3;1;0;0
582;4;1;1;1
582;4;1;0;0
583;2;1;1;1
583;3;1;0;0
583;1;1;0;0
583;1;1;0;0
583;3;1;0;0
583;3;1;0;0
583;6;1;1;1
583;3;1;0;0
583;3;1;0;0
583;2;1;0;0
583;3;1;0;0
583;3;1;0;0
583;3;1;0;0
583;3;1;0;0
583;1;1;1;1
583;6;1;1;1
583;3;1;0;0
583;1;1;0;0
583;3;1;1;0
583;1;1;0;0
583;3;1;1;1
584;4;1;1;1
584;2;1;0;0
584;6;1;0;0
584;2;1;0;0
584;1;1;0;0
584;3;1;1;1
584;2;1;0;0
584;2;1;0;0
584;1;1;0;0
584;2;1;0;0
584;1;1;0;0
584;6;1;1;1
584;1;1;1;1
584;1;1;0;0
585;5;1;1;1
585;2;1;1;1
585;1;1;0;0
585;4;1;1;1
585;4;1;1;1
585;2;1;1;1
585;1;1;0;0
585;1;1;0;0
585;1;1;0;0
585;5;1;0;0
585;1;1;1;1
585;1;1;0;0
585;5;1;1;1
585;4;1;1;1
585;3;1;1;1
586;1;1;0;0
586;3;1;0;0
586;3;1;0;0
586;3;1;0;0
586;4;1;1;1
587;5;1;0;0
587;6;1;0;0
588;5;1;0;0
588;5;1;0;0
589;5;1;0;0
589;5;1;0;0
589;5;1;0;0
589;1;1;0;0
589;3;1;1;1
589;2;1;0;0
589;3;1;0;0
589;6;1;1;0
589;2;1;0;0
590;3;1;0;0
590;4;1;0;0
590;4;1;0;0
590;3;1;0;0
590;4;1;0;0
590;2;1;0;0
590;3;1;0;0
590;2;1;0;0
590;5;1;0;0
590;2;1;0;0
590;1;1;0;0
590;4;1;0;0
590;2;1;0;0
590;2;1;0;0
590;3;1;0;0
590;5;1;0;0
591;6;1;0;0
591;2;1;0;0
591;2;1;0;0
591;3;1;0;0
591;3;1;0;0
591;5;1;0;0
591;6;1;0;0
592;6;1;0;0
592;3;1;1;0
592;3;1;1;0
592;5;1;1;0
592;4;1;1;0
592;3;1;1;0
592;4;1;1;0
592;4;1;1;0
592;5;1;1;0
592;5;1;1;0
592;6;1;0;0
593;3;1;0;0
593;6;1;1;1
593;6;1;1;1
593;6;1;1;0
593;6;1;1;0
593;6;1;1;0
593;6;1;1;1
593;6;1;1;0
593;4;1;0;0
593;3;1;0;0
594;4;1;0;0
594;2;1;1;0
594;4;1;0;0
594;6;1;1;0
594;1;1;0;0
595;6;1;1;0
595;3;1;0;0
595;5;1;0;0
595;3;1;0;0
595;2;1;0;0
595;6;1;0;0
595;2;1;0;0
595;1;1;1;1
595;3;1;0;0
595;3;1;0;0
596;3;1;0;0
596;2;1;0;0
596;5;1;0;0
596;6;1;0;0
596;1;1;0;0
596;2;1;0;0
596;6;1;0;0
596;5;1;0;0
596;5;1;1;0
597;6;1;1;1
597;1;1;0;0
597;3;1;0;0
597;4;1;1;0
597;1;1;0;0
597;2;1;0;0
597;5;1;1;1
597;6;1;0;0
597;3;1;0;0
597;6;1;1;1
597;4;1;0;0
597;6;1;1;1
597;3;1;0;0
597;1;1;1;0
597;4;1;0;0
597;3;1;0;0
597;2;1;0;0
597;6;1;1;0
597;6;1;0;0
597;2;1;1;1
597;5;1;0;0
597;6;1;1;1
597;6;1;1;1
597;5;1;0;0
597;4;1;0;0
597;4;1;0;0
597;5;1;0;0
597;1;1;1;1
597;6;1;1;1
597;5;1;0;0
597;4;1;0;0
597;2;1;0;0
597;4;1;0;0
597;6;1;1;1
597;2;1;1;1
597;4;1;0;0
597;2;1;1;1
597;5;1;0;0
597;4;1;1;1
598;5;1;0;0
598;6;1;0;0
598;2;1;0;0
598;2;1;0;0
598;2;1;0;0
598;1;1;0;0
598;4;1;0;0
598;4;1;0;0
598;4;1;1;1
598;3;1;0;0
598;1;1;0;0
598;2;1;0;0
598;2;1;0;0
598;6;1;0;0
598;4;1;0;0
599;6;1;0;0
599;4;1;0;0
599;6;1;0;0
599;6;1;1;0
599;2;1;1;1
599;6;1;0;0
600;5;1;0;0
600;6;1;1;0
600;2;1;1;1
600;6;1;0;0
600;6;1;0;0
600;5;1;0;0
600;6;1;1;1
600;6;1;1;0
600;3;1;1;0
600;5;1;0;0
601;1;1;1;0
601;1;0;1;0
601;6;1;1;0
601;1;1;0;0
601;1;1;1;0
601;1;1;1;0
601;1;1;1;0
601;1;1;1;0
601;3;1;0;0
601;1;1;0;0
601;1;1;0;0
601;1;1;0;0
601;1;1;0;0
601;1;1;0;0
601;1;1;0;0
601;5;1;1;0
601;5;1;1;0
601;6;1;1;1
601;1;1;0;0
601;1;1;0;0
602;1;1;0;0
602;5;1;1;0
602;1;1;0;0
602;1;1;0;0
602;6;1;1;1
602;1;1;0;0
602;1;1;0;0
602;1;1;0;0
603;3;1;0;0
603;1;1;0;0
603;5;1;0;0
603;6;1;1;1
603;1;1;0;0
604;5;1;0;0
604;2;1;0;0
604;2;1;0;0
604;1;1;0;0
604;5;1;0;0
604;6;1;1;1
604;1;1;0;0
605;2;1;0;0
605;1;1;0;0
605;2;1;0;0
605;5;1;0;0
605;2;1;0;0
605;2;1;0;0
605;3;1;0;0
605;6;1;1;1
606;5;1;1;0
606;5;1;1;0
606;5;1;1;0
606;2;1;1;0
606;2;1;0;0
606;3;1;1;0
606;5;1;0;0
606;3;1;1;1
606;5;1;1;0
606;6;1;1;1
607;2;1;0;0
607;4;1;0;0
607;5;1;1;0
607;6;1;1;1
608;2;1;0;0
608;5;1;1;0
608;5;1;1;0
608;6;1;1;1
609;4;1;1;0
609;5;1;0;0
609;5;1;0;0
609;5;1;1;0
609;6;1;1;1
610;4;1;1;0
610;2;1;0;0
610;6;1;1;1
611;3;1;0;0
611;5;1;1;0
611;6;1;0;0
611;2;1;0;0
611;6;1;1;1
611;2;1;0;0
612;5;1;0;0
612;4;1;1;0
612;5;1;0;0
612;3;1;0;0
612;5;1;0;0
612;6;1;1;1
613;6;1;1;1
613;2;1;0;0
614;6;1;1;1
615;3;1;1;0
615;2;1;0;0
615;5;1;1;1
615;3;1;1;0
615;1;1;0;0
615;1;1;0;0
615;1;1;0;0
615;6;1;1;1
615;1;1;0;0
615;3;1;0;0
615;1;1;0;0
615;1;1;1;0
615;6;1;1;0
615;3;1;1;0
615;5;1;1;1
615;2;1;0;0
616;1;1;0;0
616;1;1;0;0
616;3;1;0;0
616;3;1;0;0
616;3;1;0;0
616;5;1;1;1
616;3;1;0;0
616;2;1;0;0
616;1;1;0;0
616;6;1;1;1
616;4;1;0;0
616;3;1;0;0
616;3;1;0;0
616;3;1;0;0
616;5;1;1;0
616;5;1;1;0
616;5;1;1;1
616;3;1;0;0
616;3;1;0;0
616;3;1;0;0
617;1;1;0;0
617;4;1;1;0
617;1;0;1;0
617;1;1;0;0
617;1;1;0;0
617;1;1;0;0
617;1;1;0;0
617;1;1;0;0
617;5;1;1;1
617;2;1;0;0
617;1;1;0;0
617;1;1;0;0
617;2;1;0;0
617;1;1;0;0
617;4;1;1;1
617;2;1;0;0
617;2;1;0;0
617;2;1;0;0
617;3;1;0;0
617;1;1;0;0
617;1;1;0;0
617;2;1;0;0
617;2;1;0;0
617;5;1;0;0
617;2;1;1;0
617;4;1;1;0
617;1;1;0;0
617;1;1;0;0
618;1;1;0;0
618;1;1;0;0
618;1;1;0;0
618;3;1;1;0
618;2;1;0;0
618;1;1;0;0
618;3;1;1;0
618;2;1;0;0
618;3;1;0;0
618;2;1;0;0
618;1;1;0;0
618;4;1;1;1
618;3;1;0;0
618;1;1;0;0
618;1;1;0;0
618;1;1;0;0
618;2;1;0;0
618;4;1;1;0
618;3;1;1;0
618;3;1;1;0
618;1;1;0;0
618;1;1;0;0
618;2;1;0;0
618;1;1;0;0
618;1;1;0;0
619;2;1;0;0
619;1;1;0;0
619;1;1;0;0
619;3;1;1;1
619;6;1;1;1
619;3;1;0;0
619;3;1;0;0
619;1;1;0;0
619;3;1;0;0
619;3;1;1;1
619;1;1;0;0
619;1;1;0;0
620;6;1;1;1
620;6;1;1;1
620;3;1;0;0
620;5;1;1;0
621;3;1;0;0
621;4;1;1;0
621;4;1;1;1
621;3;1;0;0
621;3;1;1;0
622;1;1;0;0
622;3;1;0;0
622;3;1;1;0
622;2;1;0;0
622;3;1;1;0
622;2;1;1;0
622;1;1;0;0
622;3;1;1;0
622;1;1;0;0
622;1;1;0;0
622;3;1;1;0
622;3;1;0;0
622;3;1;1;0
622;3;1;1;0
622;5;1;1;1
622;2;1;0;0
622;2;1;0;0
622;1;1;0;0
623;3;1;1;1
624;4;1;0;0
624;2;1;0;0
624;5;1;0;0
624;5;1;1;1
624;4;1;1;0
624;2;1;1;0
624;4;1;1;0
624;5;1;0;0
625;4;1;1;0
625;1;1;0;0
625;4;1;1;0
625;3;1;1;0
625;3;1;1;0
625;3;1;1;0
625;5;1;0;0
625;5;1;1;1
625;2;1;0;0
625;3;1;1;1
626;2;1;0;0
626;2;1;0;0
626;4;1;1;1
627;6;1;1;1
627;4;1;1;0
628;5;1;1;0
628;6;1;1;1
628;5;1;1;0
629;3;1;0;0
629;3;1;1;0
629;3;1;1;0
629;3;1;1;0
629;2;1;0;0
629;6;1;1;1
629;2;1;0;0
629;1;1;0;0
630;6;1;1;1
631;3;1;1;1
631;3;1;0;0
631;1;1;0;0
631;1;1;0;0
631;3;1;1;0
631;4;1;1;0
631;3;1;1;0
631;4;1;1;1
631;3;1;0;0
631;4;1;0;0
631;6;1;1;1
631;5;1;1;0
631;4;1;0;0
632;5;1;0;0
632;5;1;0;0
632;4;1;0;0
632;4;1;1;0
632;4;1;1;0
632;5;1;0;0
632;3;1;0;0
632;4;1;1;0
632;4;1;0;0
632;6;1;1;1
632;4;1;1;0
632;5;1;0;0
632;5;1;0;0
633;3;1;1;0
633;4;1;1;0
633;5;1;0;0
633;3;1;1;0
633;5;1;1;1
633;2;1;0;0
633;2;1;0;0
633;4;1;1;0
634;2;1;0;0
635;2;1;0;0
635;5;1;1;1
636;4;1;0;0
636;4;1;0;0
636;3;1;1;1
636;3;1;0;0
636;4;1;0;0
636;3;1;0;0
636;3;1;0;0
636;4;1;0;0
636;3;1;0;0
636;5;1;0;0
636;3;1;0;0
636;3;1;0;0
636;3;1;0;0
636;3;1;0;0
636;3;1;1;1
636;3;1;0;0
636;4;1;0;0
637;2;1;0;0
637;5;1;1;1
637;4;1;0;0
637;5;1;0;0
637;2;1;0;0
637;3;1;0;0
637;5;1;1;1
637;2;1;0;0
638;6;1;1;1
638;3;1;0;0
638;6;1;0;0
638;3;1;0;0
638;4;1;0;0
638;6;1;1;1
639;6;1;1;1
639;3;1;0;0
639;3;1;0;0
639;2;1;0;0
639;4;1;0;0
639;6;1;1;1
639;2;1;0;0
640;3;1;1;1
640;4;1;0;0
640;5;1;1;1
640;5;1;1;0
640;4;1;0;0
640;3;1;0;0
640;3;1;1;1
640;4;1;0;0
640;5;1;0;0
640;4;1;0;0
641;6;1;1;1
641;6;1;1;1
642;6;1;1;1
642;6;1;1;0
642;6;1;1;1
642;6;1;0;0
642;6;1;1;1
642;6;1;0;0
643;6;1;1;1
643;5;1;0;0
643;3;1;0;0
643;5;1;0;0
643;3;1;0;0
643;3;1;0;0
643;6;1;1;1
643;3;1;0;0
643;3;1;0;0
644;6;1;1;1
644;5;1;0;0
644;3;1;1;1
644;5;1;0;0
644;5;1;0;0
644;5;1;1;1
644;3;1;0;0
644;3;1;1;1
645;4;1;1;1
645;5;1;0;0
645;2;1;1;1
645;3;1;0;0
645;5;1;0;0
645;3;1;0;0
645;4;1;1;1
646;6;1;1;1
646;3;1;0;0
646;3;1;0;0
646;6;1;0;0
646;2;1;0;0
646;5;1;0;0
646;4;1;0;0
646;6;1;1;1
646;6;1;0;0
647;5;1;1;1
647;5;1;1;0
647;5;1;0;0
647;5;1;0;0
647;3;1;0;0
647;6;1;1;1
648;6;1;1;1
648;5;1;1;1
648;6;1;1;1
648;5;1;1;0
648;6;1;1;1
648;2;1;0;0
648;6;1;1;1
649;6;1;1;1
649;6;1;1;1
650;3;1;0;0
650;3;1;0;0
650;3;1;0;0
650;4;1;0;0
650;5;1;0;0
650;3;1;0;0
650;5;1;0;0
650;2;1;0;0
650;2;1;0;0
650;3;1;0;0
650;2;1;0;0
651;4;1;0;0
651;5;1;0;0
651;4;1;0;0
651;2;1;0;0
651;6;1;0;0
651;3;1;0;0
651;3;1;0;0
651;4;1;0;0
651;3;1;0;0
651;2;1;0;0
651;3;1;0;0
652;5;1;0;0
652;4;1;0;0
652;4;1;0;0
652;2;1;0;0
652;5;1;0;0
652;5;1;0;0
652;2;1;0;0
652;3;1;0;0
652;2;1;0;0
652;5;1;0;0
652;2;1;0;0
652;6;1;0;0
653;5;1;0;0
653;5;1;0;0
653;5;1;0;0
653;4;1;0;0
653;1;1;0;0
653;5;1;0;0
653;4;1;0;0
653;5;1;0;0
653;1;1;0;0
653;1;1;0;0
653;4;1;0;0
653;5;1;0;0
654;4;1;0;0
654;2;1;0;0
654;6;1;0;0
654;2;1;0;0
654;4;1;0;0
654;4;1;0;0
654;4;1;0;0
654;4;1;0;0
654;2;1;0;0
654;4;1;0;0
655;6;1;0;0
655;6;1;0;0
655;5;1;0;0
656;5;1;0;0
657;1;1;0;0
657;5;1;0;0
657;2;1;0;0
657;5;1;0;0
657;6;1;0;0
657;3;1;0;0
657;4;1;0;0
657;2;1;0;0
657;2;1;0;0
657;2;1;0;0
657;2;1;0;0
657;2;1;0;0
657;1;1;0;0
658;3;1;0;0
658;4;1;0;0
658;1;1;0;0
658;5;1;0;0
658;4;1;0;0
658;5;1;0;0
658;3;1;0;0
658;3;1;0;0
658;3;1;0;0
658;3;1;0;0
658;2;1;0;0
658;2;1;0;0
658;3;1;0;0
658;3;1;0;0
658;1;1;0;0
658;2;1;0;0
658;3;1;0;0
658;3;1;0;0
659;4;1;0;0
659;5;1;0;0
659;2;1;0;0
659;4;1;0;0
659;6;1;0;0
659;4;1;0;0
659;1;1;0;0
659;4;1;0;0
659;5;1;0;0
659;1;1;0;0
659;4;1;0;0
660;6;1;0;0
660;6;1;1;0
660;2;1;0;0
660;5;1;0;0
660;6;1;0;0
660;4;1;0;0
660;4;1;0;0
661;6;1;0;0
661;5;1;1;0
661;4;1;0;0
661;5;1;1;0
661;6;1;0;0
661;4;1;0;0
661;1;1;0;0
661;1;1;1;0
662;1;1;1;0
662;6;1;1;0
662;3;1;1;0
662;6;1;1;0
663;6;1;1;0
663;6;1;1;0
664;3;1;1;0
664;5;1;1;1
664;3;1;1;0
664;3;1;1;0
664;4;1;1;0
664;3;1;1;0
664;3;1;1;0
664;4;1;1;0
664;3;1;1;0
664;3;1;0;0
664;3;1;0;0
664;3;1;1;0
664;1;1;1;0
664;3;1;1;0
664;2;1;1;0
664;3;1;1;0
664;3;1;1;0
665;4;1;0;0
665;3;1;1;0
665;3;1;0;0
665;3;1;1;0
665;3;1;1;0
665;1;1;1;0
665;1;1;1;0
665;3;1;1;0
665;3;1;1;0
665;3;1;1;0
665;3;1;1;0
665;3;1;1;0
665;3;1;0;0
665;3;1;1;0
665;1;1;1;0
665;2;1;0;0
665;3;1;1;0
665;2;0;1;0
665;2;0;1;0
666;4;1;1;0
666;1;1;1;0
666;3;1;1;0
666;4;1;1;0
666;3;1;0;0
666;3;1;0;0
666;1;1;1;0
666;3;1;1;0
666;3;1;1;0
666;1;1;1;0
666;2;1;0;0
666;2;1;0;0
666;3;1;0;0
666;3;1;1;0
666;3;1;1;0
666;3;1;0;0
666;2;1;1;0
667;1;1;0;0
667;3;1;0;0
667;5;1;0;0
667;3;1;1;0
667;3;1;1;0
667;3;1;1;0
667;3;1;1;0
667;1;1;1;0
667;3;1;1;0
667;3;1;1;0
667;3;1;0;0
667;1;1;0;0
667;3;1;0;0
667;3;1;0;0
667;3;1;1;0
667;2;1;0;0
667;3;1;0;0
667;3;1;1;0
667;2;1;1;0
668;3;1;0;0
668;5;1;1;1
668;5;1;1;0
668;1;1;1;0
668;3;1;0;0
668;5;1;1;0
668;3;1;0;0
669;1;1;1;0
669;3;1;1;0
669;1;1;0;0
669;2;1;0;0
669;3;1;1;1
669;5;1;1;0
669;1;1;0;0
669;1;1;1;0
669;1;1;0;0
669;1;1;1;0
669;2;1;0;0
669;2;1;1;0
669;1;1;1;0
669;1;1;0;0
669;3;1;1;0
669;1;1;0;0
669;1;1;0;0
669;1;1;1;0
669;1;1;0;0
669;2;1;0;0
669;4;1;1;0
669;4;1;0;0
669;2;1;1;0
669;5;1;1;0
669;2;1;1;0
669;1;1;1;0
669;2;1;1;0
669;1;1;1;0
669;2;1;1;0
670;4;1;0;1
670;5;1;1;0
670;4;1;0;0
670;5;1;1;0
670;3;1;0;0
670;3;1;1;0
671;4;1;1;1
671;3;1;1;1
671;4;1;1;0
671;1;1;0;0
671;2;1;0;0
671;2;1;1;1
672;3;1;1;0
672;1;1;1;0
672;3;1;1;0
672;3;1;0;0
672;5;1;1;0
672;3;1;1;0
672;3;1;1;0
672;3;1;0;0
672;1;1;1;0
672;2;1;0;0
672;5;1;1;0
672;2;1;1;0
672;1;1;1;0
672;1;1;1;0
672;3;1;1;0
672;3;1;1;0
672;3;1;1;0
672;1;1;1;0
672;1;1;1;0
672;2;1;0;0
672;3;1;0;0
672;2;1;1;0
672;1;1;1;0
673;3;1;1;0
673;5;1;0;0
673;3;1;0;0
673;5;1;1;1
673;2;1;0;0
673;2;1;1;0
673;3;1;1;0
673;5;1;0;0
673;1;1;1;0
673;2;1;0;0
673;3;1;1;0
673;3;1;1;0
673;2;1;0;0
673;3;1;1;0
673;3;1;1;0
673;2;1;0;0
673;5;1;0;0
674;2;1;1;0
674;6;1;1;1
674;5;1;1;1
674;5;1;1;1
674;2;1;0;0
674;5;1;1;1
674;5;1;1;1
674;3;1;0;0
675;4;1;0;0
675;6;1;1;1
675;5;1;0;0
675;5;1;0;0
675;5;1;0;0
675;5;1;0;0
675;4;1;0;0
675;4;1;0;0
675;5;1;0;0
675;4;1;0;0
675;5;1;1;1
676;6;1;0;0
676;5;1;1;1
676;6;1;0;0
676;1;1;0;0
676;6;1;0;0
677;5;1;1;0
677;5;1;1;0
677;6;1;0;0
677;6;1;1;1
677;6;1;0;0
677;5;1;1;0
677;6;1;0;0
678;4;1;1;0
678;4;1;1;1
678;4;1;0;0
678;5;1;0;0
678;5;1;0;0
678;4;1;1;1
678;4;1;1;0
678;6;1;1;1
678;4;1;1;1
678;1;1;1;0
678;3;1;1;1
678;4;1;1;0
678;4;1;1;1
679;2;1;1;0
679;3;1;0;0
679;4;1;0;0
679;5;1;0;0
679;3;1;0;0
679;3;1;1;1
680;1;1;1;0
680;4;1;1;0
680;4;1;1;0
680;3;1;0;0
680;2;1;0;0
680;6;1;1;1
680;4;1;1;0
680;4;1;0;0
681;3;1;0;0
681;3;1;0;0
681;6;1;1;1
681;1;1;0;0
681;3;1;0;0
681;3;1;0;0
682;2;1;0;0
682;2;1;0;0
682;3;1;0;0
682;3;1;0;0
682;1;1;0;0
682;6;1;1;1
682;3;1;0;0
682;3;1;0;0
682;3;1;1;0
682;1;1;0;0
683;3;1;1;0
683;3;1;1;0
683;3;1;1;0
683;3;1;1;0
683;5;1;1;0
683;3;1;0;0
683;2;1;0;0
683;3;1;0;0
683;2;1;0;0
683;4;1;1;0
683;5;1;1;0
683;5;1;1;0
683;3;1;1;0
683;3;1;1;0
683;3;1;1;0
683;3;1;1;0
684;6;1;1;1
684;3;1;1;0
685;3;1;0;0
685;5;1;0;0
685;5;1;0;0
685;5;1;0;0
685;4;1;1;0
685;4;1;1;0
685;6;1;1;1
685;6;1;1;1
685;3;1;0;0
686;3;1;1;0
686;3;1;0;0
686;6;1;1;1
686;3;1;0;0
686;3;1;0;0
686;4;1;0;1
686;4;1;0;1
687;4;1;0;0
687;3;1;0;0
687;6;1;1;1
687;4;1;1;0
687;5;1;0;0
687;3;1;1;0
687;3;1;0;1
687;3;1;0;1
688;3;1;1;0
688;3;1;1;1
688;6;1;1;1
688;5;1;1;0
688;2;1;0;0
688;3;1;0;0
688;2;1;1;0
688;2;1;0;0
689;5;1;1;1
689;5;1;1;1
689;2;1;1;1
689;2;1;0;0
689;3;1;0;0
689;2;1;0;0
689;4;1;1;1
689;5;1;1;1
689;4;1;0;0
689;2;1;0;0
689;4;1;1;0
690;4;1;1;0
690;4;1;1;1
690;4;1;0;0
690;6;1;1;1
690;2;1;0;0
691;2;1;1;0
691;2;1;0;0
691;3;1;1;0
691;1;1;0;0
691;2;1;1;1
691;5;1;1;1
691;1;1;0;0
691;2;1;1;0
691;2;1;1;0
692;2;1;0;0
692;5;1;1;1
692;3;1;1;0
693;2;1;1;0
693;2;1;1;0
693;2;1;1;0
693;3;1;1;0
693;2;1;1;0
693;1;1;0;0
693;5;1;1;1
693;2;1;1;0
693;1;1;1;0
693;1;1;1;0
693;3;1;1;0
694;5;1;1;1
694;5;1;1;0
694;4;1;1;0
694;5;1;1;1
694;4;1;1;1
694;5;1;1;1
694;5;1;1;0
695;1;1;0;0
695;3;1;1;0
695;5;1;1;1
695;3;1;1;0
695;1;1;0;0
696;4;1;1;1
696;5;1;1;1
696;1;1;0;0
696;1;1;0;0
697;4;1;1;1
697;5;1;1;1
698;1;1;1;1
698;2;1;1;0
698;3;1;1;1
698;2;1;1;0
698;2;1;0;0
698;5;1;1;1
698;3;1;0;0
698;3;1;0;0
698;2;1;0;0
698;3;1;1;0
699;1;1;0;0
699;2;1;1;0
699;5;1;1;1
699;3;1;1;1
699;3;1;1;1
700;2;1;1;0
700;2;1;1;0
700;3;1;1;0
700;3;1;1;0
700;2;1;1;0
700;5;1;1;1
700;3;1;1;0
700;2;1;1;0
700;3;1;1;0
700;2;1;1;1
701;1;1;0;0
701;1;1;1;0
701;5;1;1;1
701;5;1;1;1
701;5;1;1;0
702;3;1;1;0
702;5;1;1;1
702;3;1;1;0
702;2;1;0;0
702;2;1;0;0
702;2;1;0;0
703;2;1;0;0
703;1;1;0;0
703;1;1;0;0
703;1;1;0;0
703;5;1;1;1
704;5;1;1;1
705;3;1;0;0
705;5;1;0;0
705;2;1;0;0
705;3;1;0;0
705;2;1;0;0
705;3;1;0;0
705;2;1;0;0
705;3;1;0;0
706;3;1;0;0
706;3;1;0;0
706;3;1;1;0
706;3;1;1;0
706;1;1;0;0
707;5;1;1;1
707;5;1;1;0
707;1;1;1;1
707;1;1;1;1
707;4;1;1;0
707;2;1;1;1
707;5;1;1;0
707;5;1;1;1
707;1;1;1;1
707;5;1;1;1
707;2;1;0;0
708;3;1;0;0
708;2;1;0;0
708;2;1;0;0
708;2;1;1;1
708;2;1;0;0
708;3;1;1;0
708;2;1;0;0
709;3;1;0;0
709;5;1;1;1
709;5;1;1;1
709;5;1;1;1
709;5;1;1;1
709;3;1;0;0
710;3;1;0;0
710;5;1;1;0
710;5;1;1;0
710;2;1;0;0
711;4;1;0;0
711;4;1;0;0
712;2;1;0;0
712;2;1;0;0
712;2;1;0;0
712;2;1;1;0
712;4;1;1;1
712;3;1;0;0
713;2;1;0;0
713;2;1;0;0
713;5;1;1;0
713;4;1;1;0
713;1;1;0;0
713;4;1;1;1
713;5;1;1;0
713;1;1;0;0
714;1;1;0;0
714;1;1;0;0
714;3;1;0;0
714;2;1;1;0
714;1;1;0;0
714;1;1;0;0
714;2;1;0;0
714;3;1;0;0
714;1;1;0;0
715;1;1;0;0
715;2;1;0;0
715;6;1;1;1
715;1;1;0;0
715;3;1;0;0
715;6;1;1;1
715;1;1;0;0
715;1;1;0;0
715;6;1;1;1
715;1;1;0;0
715;1;1;0;0
715;1;1;0;0
716;1;1;0;0
716;5;1;1;1
716;1;1;0;0
716;5;1;1;1
716;6;1;1;1
716;1;1;0;0
717;1;1;0;0
717;3;1;0;0
717;2;1;0;0
717;2;1;0;0
717;2;1;0;0
717;3;1;0;0
717;1;1;0;0
718;6;1;1;1
718;1;1;0;0
718;1;1;0;0
718;6;1;1;1
718;6;1;1;1
718;5;1;1;1
718;3;1;0;0
718;3;1;0;0
718;3;1;0;0
718;1;1;1;0
718;1;1;1;0
718;6;1;1;1
718;5;1;1;1
718;5;1;1;1
718;1;1;0;0
718;1;1;0;0